flash,ram,text,code,rodata,data,bss,dec,hex,filename,filename
1050,0,1050,390,660,0,0,1050,`41a,startup_bk7236.c.obj (ex armino/cmsis/libcmsis.a),armino/cmsis/libcmsis.a
272,0,272,272,0,0,0,272,`110,system_bk7236xx.c.obj (ex armino/cmsis/libcmsis.a),armino/cmsis/libcmsis.a
1322,0,1322,662,660,0,0,1322,`52a,armino/cmsis/libcmsis.a,armino/cmsis/libcmsis.a
4408,260,4408,3158,1250,0,260,4668,`123c,cif_cntrl.c.obj (ex armino/controller_if/libcontroller_if.a),armino/controller_if/libcontroller_if.a
2166,364,2162,1440,722,4,360,2526,`9de,cif_main.c.obj (ex armino/controller_if/libcontroller_if.a),armino/controller_if/libcontroller_if.a
427,64,427,288,139,0,64,491,`1eb,cif_ipc.c.obj (ex armino/controller_if/libcontroller_if.a),armino/controller_if/libcontroller_if.a
963,4964,959,784,175,4,4960,5923,`1723,cif_mem_mgmt.c.obj (ex armino/controller_if/libcontroller_if.a),armino/controller_if/libcontroller_if.a
1510,0,1510,1404,106,0,0,1510,`5e6,cif_wifi_api.c.obj (ex armino/controller_if/libcontroller_if.a),armino/controller_if/libcontroller_if.a
730,0,730,664,66,0,0,730,`2da,cif_wifi_dp.c.obj (ex armino/controller_if/libcontroller_if.a),armino/controller_if/libcontroller_if.a
231,0,231,104,127,0,0,231,`e7,cif_ps.c.obj (ex armino/controller_if/libcontroller_if.a),armino/controller_if/libcontroller_if.a
10435,5652,10427,7842,2585,8,5644,16079,`3ecf,armino/controller_if/libcontroller_if.a,armino/controller_if/libcontroller_if.a
3119,1168,1955,1832,123,1164,4,3123,`c33,bk_wifi_adapter.c.obj (ex armino/bk_wifi/libbk_wifi.a),armino/bk_wifi/libbk_wifi.a
4165,4,4165,3432,733,0,4,4169,`1049,hostapd_intf.c.obj (ex armino/bk_wifi/libbk_wifi.a),armino/bk_wifi/libbk_wifi.a
88,0,88,88,0,0,0,88,`58,net_param.c.obj (ex armino/bk_wifi/libbk_wifi.a),armino/bk_wifi/libbk_wifi.a
133,0,133,72,61,0,0,133,`85,phy.c.obj (ex armino/bk_wifi/libbk_wifi.a),armino/bk_wifi/libbk_wifi.a
2315,1387,1216,1008,208,1099,288,2603,`a2b,rw_ieee80211.c.obj (ex armino/bk_wifi/libbk_wifi.a),armino/bk_wifi/libbk_wifi.a
2758,277,2754,2534,220,4,273,3031,`bd7,rw_msg_rx.c.obj (ex armino/bk_wifi/libbk_wifi.a),armino/bk_wifi/libbk_wifi.a
4262,105,4262,4170,92,0,105,4367,`110f,rw_msg_tx.c.obj (ex armino/bk_wifi/libbk_wifi.a),armino/bk_wifi/libbk_wifi.a
2504,29,2504,1926,578,0,29,2533,`9e5,rw_task.c.obj (ex armino/bk_wifi/libbk_wifi.a),armino/bk_wifi/libbk_wifi.a
2661,108,2553,2172,381,108,0,2661,`a65,rwnx_params.c.obj (ex armino/bk_wifi/libbk_wifi.a),armino/bk_wifi/libbk_wifi.a
1407,0,1407,1278,129,0,0,1407,`57f,rwnx_rx.c.obj (ex armino/bk_wifi/libbk_wifi.a),armino/bk_wifi/libbk_wifi.a
336,40,336,262,74,0,40,376,`178,rwnx_td.c.obj (ex armino/bk_wifi/libbk_wifi.a),armino/bk_wifi/libbk_wifi.a
2549,0,2549,2154,395,0,0,2549,`9f5,rwnx_tx.c.obj (ex armino/bk_wifi/libbk_wifi.a),armino/bk_wifi/libbk_wifi.a
2977,0,2977,2756,221,0,0,2977,`ba1,rwnx_txq.c.obj (ex armino/bk_wifi/libbk_wifi.a),armino/bk_wifi/libbk_wifi.a
224,0,224,224,0,0,0,224,`e0,rwnx_utils.c.obj (ex armino/bk_wifi/libbk_wifi.a),armino/bk_wifi/libbk_wifi.a
411,0,411,312,99,0,0,411,`19b,sa_station.c.obj (ex armino/bk_wifi/libbk_wifi.a),armino/bk_wifi/libbk_wifi.a
398,4,398,356,42,0,4,402,`192,skbuff.c.obj (ex armino/bk_wifi/libbk_wifi.a),armino/bk_wifi/libbk_wifi.a
1944,0,1944,1594,350,0,0,1944,`798,wifi_api.c.obj (ex armino/bk_wifi/libbk_wifi.a),armino/bk_wifi/libbk_wifi.a
310,32,290,252,38,20,12,322,`142,wifi_config.c.obj (ex armino/bk_wifi/libbk_wifi.a),armino/bk_wifi/libbk_wifi.a
485,0,485,410,75,0,0,485,`1e5,wifi_netif.c.obj (ex armino/bk_wifi/libbk_wifi.a),armino/bk_wifi/libbk_wifi.a
10883,367,10872,9266,1606,11,356,11239,`2be7,wifi_v2.c.obj (ex armino/bk_wifi/libbk_wifi.a),armino/bk_wifi/libbk_wifi.a
7034,0,7034,5742,1292,0,0,7034,`1b7a,wifi_wpa_cmd.c.obj (ex armino/bk_wifi/libbk_wifi.a),armino/bk_wifi/libbk_wifi.a
8632,188,8632,4278,4354,0,188,8820,`2274,wifi_at.c.obj (ex armino/bk_wifi/libbk_wifi.a),armino/bk_wifi/libbk_wifi.a
462,12,454,428,26,8,4,466,`1d2,bk_workqueue.c.obj (ex armino/bk_wifi/libbk_wifi.a),armino/bk_wifi/libbk_wifi.a
228,13,224,224,0,4,9,237,`ed,lsig_monitor.c.obj (ex armino/bk_wifi/libbk_wifi.a),armino/bk_wifi/libbk_wifi.a
50,0,50,50,0,0,0,50,`32,sa_ap.c.obj (ex armino/bk_wifi/libbk_wifi.a),armino/bk_wifi/libbk_wifi.a
94,0,94,94,0,0,0,94,`5e,wifi_init.c.obj (ex armino/bk_wifi/libbk_wifi.a),armino/bk_wifi/libbk_wifi.a
60429,3734,58011,46914,11097,2418,1316,61745,`f131,armino/bk_wifi/libbk_wifi.a,armino/bk_wifi/libbk_wifi.a
405,0,405,366,39,0,0,405,`195,mac.c.obj (ex C:/Users/naman/TuyaOpenIDE/TuyaOpenSDK/platform/T5AI/t5_os/cp/components/bk_libs/bk7258/libs/libwifi.a),C:/Users/naman/TuyaOpenIDE/TuyaOpenSDK/platform/T5AI/t5_os/cp/components/bk_libs/bk7258/libs/libwifi.a
1499,0,1499,1442,57,0,0,1499,`5db,mac_ie.c.obj (ex C:/Users/naman/TuyaOpenIDE/TuyaOpenSDK/platform/T5AI/t5_os/cp/components/bk_libs/bk7258/libs/libwifi.a),C:/Users/naman/TuyaOpenIDE/TuyaOpenSDK/platform/T5AI/t5_os/cp/components/bk_libs/bk7258/libs/libwifi.a
2401,8,2401,1560,841,0,8,2409,`969,dbg.c.obj (ex C:/Users/naman/TuyaOpenIDE/TuyaOpenSDK/platform/T5AI/t5_os/cp/components/bk_libs/bk7258/libs/libwifi.a),C:/Users/naman/TuyaOpenIDE/TuyaOpenSDK/platform/T5AI/t5_os/cp/components/bk_libs/bk7258/libs/libwifi.a
439,4,439,296,143,0,4,443,`1bb,trace.c.obj (ex C:/Users/naman/TuyaOpenIDE/TuyaOpenSDK/platform/T5AI/t5_os/cp/components/bk_libs/bk7258/libs/libwifi.a),C:/Users/naman/TuyaOpenIDE/TuyaOpenSDK/platform/T5AI/t5_os/cp/components/bk_libs/bk7258/libs/libwifi.a
325,0,325,184,141,0,0,325,`145,dbg_assert.c.obj (ex C:/Users/naman/TuyaOpenIDE/TuyaOpenSDK/platform/T5AI/t5_os/cp/components/bk_libs/bk7258/libs/libwifi.a),C:/Users/naman/TuyaOpenIDE/TuyaOpenSDK/platform/T5AI/t5_os/cp/components/bk_libs/bk7258/libs/libwifi.a
824,0,824,712,112,0,0,824,`338,co_list.c.obj (ex C:/Users/naman/TuyaOpenIDE/TuyaOpenSDK/platform/T5AI/t5_os/cp/components/bk_libs/bk7258/libs/libwifi.a),C:/Users/naman/TuyaOpenIDE/TuyaOpenSDK/platform/T5AI/t5_os/cp/components/bk_libs/bk7258/libs/libwifi.a
640,4,636,358,278,4,0,640,`280,ke_event.c.obj (ex C:/Users/naman/TuyaOpenIDE/TuyaOpenSDK/platform/T5AI/t5_os/cp/components/bk_libs/bk7258/libs/libwifi.a),C:/Users/naman/TuyaOpenIDE/TuyaOpenSDK/platform/T5AI/t5_os/cp/components/bk_libs/bk7258/libs/libwifi.a
340,0,340,258,82,0,0,340,`154,ke_msg.c.obj (ex C:/Users/naman/TuyaOpenIDE/TuyaOpenSDK/platform/T5AI/t5_os/cp/components/bk_libs/bk7258/libs/libwifi.a),C:/Users/naman/TuyaOpenIDE/TuyaOpenSDK/platform/T5AI/t5_os/cp/components/bk_libs/bk7258/libs/libwifi.a
1025,0,1025,836,189,0,0,1025,`401,ke_timer.c.obj (ex C:/Users/naman/TuyaOpenIDE/TuyaOpenSDK/platform/T5AI/t5_os/cp/components/bk_libs/bk7258/libs/libwifi.a),C:/Users/naman/TuyaOpenIDE/TuyaOpenSDK/platform/T5AI/t5_os/cp/components/bk_libs/bk7258/libs/libwifi.a
1461,0,1461,902,559,0,0,1461,`5b5,ke_task.c.obj (ex C:/Users/naman/TuyaOpenIDE/TuyaOpenSDK/platform/T5AI/t5_os/cp/components/bk_libs/bk7258/libs/libwifi.a),C:/Users/naman/TuyaOpenIDE/TuyaOpenSDK/platform/T5AI/t5_os/cp/components/bk_libs/bk7258/libs/libwifi.a
58,0,58,58,0,0,0,58,`3a,ke_queue.c.obj (ex C:/Users/naman/TuyaOpenIDE/TuyaOpenSDK/platform/T5AI/t5_os/cp/components/bk_libs/bk7258/libs/libwifi.a),C:/Users/naman/TuyaOpenIDE/TuyaOpenSDK/platform/T5AI/t5_os/cp/components/bk_libs/bk7258/libs/libwifi.a
1574,48,1574,1416,158,0,48,1622,`656,macif_fhost.c.obj (ex C:/Users/naman/TuyaOpenIDE/TuyaOpenSDK/platform/T5AI/t5_os/cp/components/bk_libs/bk7258/libs/libwifi.a),C:/Users/naman/TuyaOpenIDE/TuyaOpenSDK/platform/T5AI/t5_os/cp/components/bk_libs/bk7258/libs/libwifi.a
10705,696,10705,9588,1117,0,696,11401,`2c89,mcc.c.obj (ex C:/Users/naman/TuyaOpenIDE/TuyaOpenSDK/platform/T5AI/t5_os/cp/components/bk_libs/bk7258/libs/libwifi.a),C:/Users/naman/TuyaOpenIDE/TuyaOpenSDK/platform/T5AI/t5_os/cp/components/bk_libs/bk7258/libs/libwifi.a
19636,488,19636,17168,2468,0,488,20124,`4e9c,mm.c.obj (ex C:/Users/naman/TuyaOpenIDE/TuyaOpenSDK/platform/T5AI/t5_os/cp/components/bk_libs/bk7258/libs/libwifi.a),C:/Users/naman/TuyaOpenIDE/TuyaOpenSDK/platform/T5AI/t5_os/cp/components/bk_libs/bk7258/libs/libwifi.a
3013,28,3013,2646,367,0,28,3041,`be1,mm_bcn.c.obj (ex C:/Users/naman/TuyaOpenIDE/TuyaOpenSDK/platform/T5AI/t5_os/cp/components/bk_libs/bk7258/libs/libwifi.a),C:/Users/naman/TuyaOpenIDE/TuyaOpenSDK/platform/T5AI/t5_os/cp/components/bk_libs/bk7258/libs/libwifi.a
9965,2,9965,7202,2763,0,2,9967,`26ef,mm_task.c.obj (ex C:/Users/naman/TuyaOpenIDE/TuyaOpenSDK/platform/T5AI/t5_os/cp/components/bk_libs/bk7258/libs/libwifi.a),C:/Users/naman/TuyaOpenIDE/TuyaOpenSDK/platform/T5AI/t5_os/cp/components/bk_libs/bk7258/libs/libwifi.a
982,8,982,742,240,0,8,990,`3de,mm_timer.c.obj (ex C:/Users/naman/TuyaOpenIDE/TuyaOpenSDK/platform/T5AI/t5_os/cp/components/bk_libs/bk7258/libs/libwifi.a),C:/Users/naman/TuyaOpenIDE/TuyaOpenSDK/platform/T5AI/t5_os/cp/components/bk_libs/bk7258/libs/libwifi.a
3317,33,3317,3120,197,0,33,3350,`d16,ps.c.obj (ex C:/Users/naman/TuyaOpenIDE/TuyaOpenSDK/platform/T5AI/t5_os/cp/components/bk_libs/bk7258/libs/libwifi.a),C:/Users/naman/TuyaOpenIDE/TuyaOpenSDK/platform/T5AI/t5_os/cp/components/bk_libs/bk7258/libs/libwifi.a
4568,2664,4568,3982,586,0,2664,7232,`1c40,vif_mgmt.c.obj (ex C:/Users/naman/TuyaOpenIDE/TuyaOpenSDK/platform/T5AI/t5_os/cp/components/bk_libs/bk7258/libs/libwifi.a),C:/Users/naman/TuyaOpenIDE/TuyaOpenSDK/platform/T5AI/t5_os/cp/components/bk_libs/bk7258/libs/libwifi.a
2002,197,2002,1738,264,0,197,2199,`897,td.c.obj (ex C:/Users/naman/TuyaOpenIDE/TuyaOpenSDK/platform/T5AI/t5_os/cp/components/bk_libs/bk7258/libs/libwifi.a),C:/Users/naman/TuyaOpenIDE/TuyaOpenSDK/platform/T5AI/t5_os/cp/components/bk_libs/bk7258/libs/libwifi.a
2248,12,2248,2026,222,0,12,2260,`8d4,sta_mgmt.c.obj (ex C:/Users/naman/TuyaOpenIDE/TuyaOpenSDK/platform/T5AI/t5_os/cp/components/bk_libs/bk7258/libs/libwifi.a),C:/Users/naman/TuyaOpenIDE/TuyaOpenSDK/platform/T5AI/t5_os/cp/components/bk_libs/bk7258/libs/libwifi.a
2283,424,2283,2090,193,0,424,2707,`a93,txl_frame.c.obj (ex C:/Users/naman/TuyaOpenIDE/TuyaOpenSDK/platform/T5AI/t5_os/cp/components/bk_libs/bk7258/libs/libwifi.a),C:/Users/naman/TuyaOpenIDE/TuyaOpenSDK/platform/T5AI/t5_os/cp/components/bk_libs/bk7258/libs/libwifi.a
6570,3788,6570,5846,724,0,3788,10358,`2876,txl_agg.c.obj (ex C:/Users/naman/TuyaOpenIDE/TuyaOpenSDK/platform/T5AI/t5_os/cp/components/bk_libs/bk7258/libs/libwifi.a),C:/Users/naman/TuyaOpenIDE/TuyaOpenSDK/platform/T5AI/t5_os/cp/components/bk_libs/bk7258/libs/libwifi.a
7226,1488,7226,6200,1026,0,1488,8714,`220a,txl_he.c.obj (ex C:/Users/naman/TuyaOpenIDE/TuyaOpenSDK/platform/T5AI/t5_os/cp/components/bk_libs/bk7258/libs/libwifi.a),C:/Users/naman/TuyaOpenIDE/TuyaOpenSDK/platform/T5AI/t5_os/cp/components/bk_libs/bk7258/libs/libwifi.a
1377,80,1377,1328,49,0,80,1457,`5b1,txl_cfm.c.obj (ex C:/Users/naman/TuyaOpenIDE/TuyaOpenSDK/platform/T5AI/t5_os/cp/components/bk_libs/bk7258/libs/libwifi.a),C:/Users/naman/TuyaOpenIDE/TuyaOpenSDK/platform/T5AI/t5_os/cp/components/bk_libs/bk7258/libs/libwifi.a
5595,400,5595,5074,521,0,400,5995,`176b,txl_cntrl.c.obj (ex C:/Users/naman/TuyaOpenIDE/TuyaOpenSDK/platform/T5AI/t5_os/cp/components/bk_libs/bk7258/libs/libwifi.a),C:/Users/naman/TuyaOpenIDE/TuyaOpenSDK/platform/T5AI/t5_os/cp/components/bk_libs/bk7258/libs/libwifi.a
22,0,22,2,20,0,0,22,`16,tx_swdesc.c.obj (ex C:/Users/naman/TuyaOpenIDE/TuyaOpenSDK/platform/T5AI/t5_os/cp/components/bk_libs/bk7258/libs/libwifi.a),C:/Users/naman/TuyaOpenIDE/TuyaOpenSDK/platform/T5AI/t5_os/cp/components/bk_libs/bk7258/libs/libwifi.a
3015,41,3015,2592,423,0,41,3056,`bf0,rwnx.c.obj (ex C:/Users/naman/TuyaOpenIDE/TuyaOpenSDK/platform/T5AI/t5_os/cp/components/bk_libs/bk7258/libs/libwifi.a),C:/Users/naman/TuyaOpenIDE/TuyaOpenSDK/platform/T5AI/t5_os/cp/components/bk_libs/bk7258/libs/libwifi.a
963,0,963,762,201,0,0,963,`3c3,tpc.c.obj (ex C:/Users/naman/TuyaOpenIDE/TuyaOpenSDK/platform/T5AI/t5_os/cp/components/bk_libs/bk7258/libs/libwifi.a),C:/Users/naman/TuyaOpenIDE/TuyaOpenSDK/platform/T5AI/t5_os/cp/components/bk_libs/bk7258/libs/libwifi.a
1375,2,1375,940,435,0,2,1377,`561,scan_task.c.obj (ex C:/Users/naman/TuyaOpenIDE/TuyaOpenSDK/platform/T5AI/t5_os/cp/components/bk_libs/bk7258/libs/libwifi.a),C:/Users/naman/TuyaOpenIDE/TuyaOpenSDK/platform/T5AI/t5_os/cp/components/bk_libs/bk7258/libs/libwifi.a
2200,44,2200,1934,266,0,44,2244,`8c4,scan.c.obj (ex C:/Users/naman/TuyaOpenIDE/TuyaOpenSDK/platform/T5AI/t5_os/cp/components/bk_libs/bk7258/libs/libwifi.a),C:/Users/naman/TuyaOpenIDE/TuyaOpenSDK/platform/T5AI/t5_os/cp/components/bk_libs/bk7258/libs/libwifi.a
1977,33,1977,1788,189,0,33,2010,`7da,rxl_cntrl.c.obj (ex C:/Users/naman/TuyaOpenIDE/TuyaOpenSDK/platform/T5AI/t5_os/cp/components/bk_libs/bk7258/libs/libwifi.a),C:/Users/naman/TuyaOpenIDE/TuyaOpenSDK/platform/T5AI/t5_os/cp/components/bk_libs/bk7258/libs/libwifi.a
12,0,12,12,0,0,0,12,`c,hal_mib.c.obj (ex C:/Users/naman/TuyaOpenIDE/TuyaOpenSDK/platform/T5AI/t5_os/cp/components/bk_libs/bk7258/libs/libwifi.a),C:/Users/naman/TuyaOpenIDE/TuyaOpenSDK/platform/T5AI/t5_os/cp/components/bk_libs/bk7258/libs/libwifi.a
8319,5,8319,5754,2565,0,5,8324,`2084,hal_machw.c.obj (ex C:/Users/naman/TuyaOpenIDE/TuyaOpenSDK/platform/T5AI/t5_os/cp/components/bk_libs/bk7258/libs/libwifi.a),C:/Users/naman/TuyaOpenIDE/TuyaOpenSDK/platform/T5AI/t5_os/cp/components/bk_libs/bk7258/libs/libwifi.a
9636,156,9636,8560,1076,0,156,9792,`2640,sm.c.obj (ex C:/Users/naman/TuyaOpenIDE/TuyaOpenSDK/platform/T5AI/t5_os/cp/components/bk_libs/bk7258/libs/libwifi.a),C:/Users/naman/TuyaOpenIDE/TuyaOpenSDK/platform/T5AI/t5_os/cp/components/bk_libs/bk7258/libs/libwifi.a
4990,2,4990,4116,874,0,2,4992,`1380,sm_task.c.obj (ex C:/Users/naman/TuyaOpenIDE/TuyaOpenSDK/platform/T5AI/t5_os/cp/components/bk_libs/bk7258/libs/libwifi.a),C:/Users/naman/TuyaOpenIDE/TuyaOpenSDK/platform/T5AI/t5_os/cp/components/bk_libs/bk7258/libs/libwifi.a
4816,0,4816,4646,170,0,0,4816,`12d0,me_utils.c.obj (ex C:/Users/naman/TuyaOpenIDE/TuyaOpenSDK/platform/T5AI/t5_os/cp/components/bk_libs/bk7258/libs/libwifi.a),C:/Users/naman/TuyaOpenIDE/TuyaOpenSDK/platform/T5AI/t5_os/cp/components/bk_libs/bk7258/libs/libwifi.a
3880,0,3880,3674,206,0,0,3880,`f28,me_mgmtframe.c.obj (ex C:/Users/naman/TuyaOpenIDE/TuyaOpenSDK/platform/T5AI/t5_os/cp/components/bk_libs/bk7258/libs/libwifi.a),C:/Users/naman/TuyaOpenIDE/TuyaOpenSDK/platform/T5AI/t5_os/cp/components/bk_libs/bk7258/libs/libwifi.a
2125,116,2121,1902,219,4,112,2237,`8bd,me_strategy.c.obj (ex C:/Users/naman/TuyaOpenIDE/TuyaOpenSDK/platform/T5AI/t5_os/cp/components/bk_libs/bk7258/libs/libwifi.a),C:/Users/naman/TuyaOpenIDE/TuyaOpenSDK/platform/T5AI/t5_os/cp/components/bk_libs/bk7258/libs/libwifi.a
486,396,486,384,102,0,396,882,`372,me.c.obj (ex C:/Users/naman/TuyaOpenIDE/TuyaOpenSDK/platform/T5AI/t5_os/cp/components/bk_libs/bk7258/libs/libwifi.a),C:/Users/naman/TuyaOpenIDE/TuyaOpenSDK/platform/T5AI/t5_os/cp/components/bk_libs/bk7258/libs/libwifi.a
3903,2,3903,3236,667,0,2,3905,`f41,me_task.c.obj (ex C:/Users/naman/TuyaOpenIDE/TuyaOpenSDK/platform/T5AI/t5_os/cp/components/bk_libs/bk7258/libs/libwifi.a),C:/Users/naman/TuyaOpenIDE/TuyaOpenSDK/platform/T5AI/t5_os/cp/components/bk_libs/bk7258/libs/libwifi.a
5592,3296,5592,5230,362,0,3296,8888,`22b8,scanu.c.obj (ex C:/Users/naman/TuyaOpenIDE/TuyaOpenSDK/platform/T5AI/t5_os/cp/components/bk_libs/bk7258/libs/libwifi.a),C:/Users/naman/TuyaOpenIDE/TuyaOpenSDK/platform/T5AI/t5_os/cp/components/bk_libs/bk7258/libs/libwifi.a
1524,2,1524,972,552,0,2,1526,`5f6,scanu_task.c.obj (ex C:/Users/naman/TuyaOpenIDE/TuyaOpenSDK/platform/T5AI/t5_os/cp/components/bk_libs/bk7258/libs/libwifi.a),C:/Users/naman/TuyaOpenIDE/TuyaOpenSDK/platform/T5AI/t5_os/cp/components/bk_libs/bk7258/libs/libwifi.a
7774,5120,7774,7266,508,0,5120,12894,`325e,rxu_cntrl.c.obj (ex C:/Users/naman/TuyaOpenIDE/TuyaOpenSDK/platform/T5AI/t5_os/cp/components/bk_libs/bk7258/libs/libwifi.a),C:/Users/naman/TuyaOpenIDE/TuyaOpenSDK/platform/T5AI/t5_os/cp/components/bk_libs/bk7258/libs/libwifi.a
760,0,760,760,0,0,0,760,`2f8,mfp.c.obj (ex C:/Users/naman/TuyaOpenIDE/TuyaOpenSDK/platform/T5AI/t5_os/cp/components/bk_libs/bk7258/libs/libwifi.a),C:/Users/naman/TuyaOpenIDE/TuyaOpenSDK/platform/T5AI/t5_os/cp/components/bk_libs/bk7258/libs/libwifi.a
2269,0,2269,1444,825,0,0,2269,`8dd,mfp_bip.c.obj (ex C:/Users/naman/TuyaOpenIDE/TuyaOpenSDK/platform/T5AI/t5_os/cp/components/bk_libs/bk7258/libs/libwifi.a),C:/Users/naman/TuyaOpenIDE/TuyaOpenSDK/platform/T5AI/t5_os/cp/components/bk_libs/bk7258/libs/libwifi.a
1714,26,1714,1504,210,0,26,1740,`6cc,bam_task.c.obj (ex C:/Users/naman/TuyaOpenIDE/TuyaOpenSDK/platform/T5AI/t5_os/cp/components/bk_libs/bk7258/libs/libwifi.a),C:/Users/naman/TuyaOpenIDE/TuyaOpenSDK/platform/T5AI/t5_os/cp/components/bk_libs/bk7258/libs/libwifi.a
3818,844,3818,3450,368,0,844,4662,`1236,bam.c.obj (ex C:/Users/naman/TuyaOpenIDE/TuyaOpenSDK/platform/T5AI/t5_os/cp/components/bk_libs/bk7258/libs/libwifi.a),C:/Users/naman/TuyaOpenIDE/TuyaOpenSDK/platform/T5AI/t5_os/cp/components/bk_libs/bk7258/libs/libwifi.a
2596,16,2596,2456,140,0,16,2612,`a34,apm.c.obj (ex C:/Users/naman/TuyaOpenIDE/TuyaOpenSDK/platform/T5AI/t5_os/cp/components/bk_libs/bk7258/libs/libwifi.a),C:/Users/naman/TuyaOpenIDE/TuyaOpenSDK/platform/T5AI/t5_os/cp/components/bk_libs/bk7258/libs/libwifi.a
1737,2,1737,1232,505,0,2,1739,`6cb,apm_task.c.obj (ex C:/Users/naman/TuyaOpenIDE/TuyaOpenSDK/platform/T5AI/t5_os/cp/components/bk_libs/bk7258/libs/libwifi.a),C:/Users/naman/TuyaOpenIDE/TuyaOpenSDK/platform/T5AI/t5_os/cp/components/bk_libs/bk7258/libs/libwifi.a
4266,36,4266,3824,442,0,36,4302,`10ce,txu_cntrl.c.obj (ex C:/Users/naman/TuyaOpenIDE/TuyaOpenSDK/platform/T5AI/t5_os/cp/components/bk_libs/bk7258/libs/libwifi.a),C:/Users/naman/TuyaOpenIDE/TuyaOpenSDK/platform/T5AI/t5_os/cp/components/bk_libs/bk7258/libs/libwifi.a
2534,643,2534,2382,152,0,643,3177,`c69,twt.c.obj (ex C:/Users/naman/TuyaOpenIDE/TuyaOpenSDK/platform/T5AI/t5_os/cp/components/bk_libs/bk7258/libs/libwifi.a),C:/Users/naman/TuyaOpenIDE/TuyaOpenSDK/platform/T5AI/t5_os/cp/components/bk_libs/bk7258/libs/libwifi.a
576,0,576,544,32,0,0,576,`240,twt_task.c.obj (ex C:/Users/naman/TuyaOpenIDE/TuyaOpenSDK/platform/T5AI/t5_os/cp/components/bk_libs/bk7258/libs/libwifi.a),C:/Users/naman/TuyaOpenIDE/TuyaOpenSDK/platform/T5AI/t5_os/cp/components/bk_libs/bk7258/libs/libwifi.a
989,2,989,788,201,0,2,991,`3df,ftm_task.c.obj (ex C:/Users/naman/TuyaOpenIDE/TuyaOpenSDK/platform/T5AI/t5_os/cp/components/bk_libs/bk7258/libs/libwifi.a),C:/Users/naman/TuyaOpenIDE/TuyaOpenSDK/platform/T5AI/t5_os/cp/components/bk_libs/bk7258/libs/libwifi.a
68,0,68,56,12,0,0,68,`44,llc.c.obj (ex C:/Users/naman/TuyaOpenIDE/TuyaOpenSDK/platform/T5AI/t5_os/cp/components/bk_libs/bk7258/libs/libwifi.a),C:/Users/naman/TuyaOpenIDE/TuyaOpenSDK/platform/T5AI/t5_os/cp/components/bk_libs/bk7258/libs/libwifi.a
13208,20,13192,11632,1560,16,4,13212,`339c,bk_rc.c.obj (ex C:/Users/naman/TuyaOpenIDE/TuyaOpenSDK/platform/T5AI/t5_os/cp/components/bk_libs/bk7258/libs/libwifi.a),C:/Users/naman/TuyaOpenIDE/TuyaOpenSDK/platform/T5AI/t5_os/cp/components/bk_libs/bk7258/libs/libwifi.a
3103,17740,3103,2714,389,0,17740,20843,`516b,rxl_hwdesc.c.obj (ex C:/Users/naman/TuyaOpenIDE/TuyaOpenSDK/platform/T5AI/t5_os/cp/components/bk_libs/bk7258/libs/libwifi.a),C:/Users/naman/TuyaOpenIDE/TuyaOpenSDK/platform/T5AI/t5_os/cp/components/bk_libs/bk7258/libs/libwifi.a
554,8,554,480,74,0,8,562,`232,crm.c.obj (ex C:/Users/naman/TuyaOpenIDE/TuyaOpenSDK/platform/T5AI/t5_os/cp/components/bk_libs/bk7258/libs/libwifi.a),C:/Users/naman/TuyaOpenIDE/TuyaOpenSDK/platform/T5AI/t5_os/cp/components/bk_libs/bk7258/libs/libwifi.a
10555,77,10555,9540,1015,0,77,10632,`2988,phy_karst_bk7236.c.obj (ex C:/Users/naman/TuyaOpenIDE/TuyaOpenSDK/platform/T5AI/t5_os/cp/components/bk_libs/bk7258/libs/libwifi.a),C:/Users/naman/TuyaOpenIDE/TuyaOpenSDK/platform/T5AI/t5_os/cp/components/bk_libs/bk7258/libs/libwifi.a
12,4,12,12,0,0,4,16,`10,raw_link_scan.c.obj (ex C:/Users/naman/TuyaOpenIDE/TuyaOpenSDK/platform/T5AI/t5_os/cp/components/bk_libs/bk7258/libs/libwifi.a),C:/Users/naman/TuyaOpenIDE/TuyaOpenSDK/platform/T5AI/t5_os/cp/components/bk_libs/bk7258/libs/libwifi.a
2645,148,2497,1858,639,148,0,2645,`a55,bk_wifi_phy_api.c.obj (ex C:/Users/naman/TuyaOpenIDE/TuyaOpenSDK/platform/T5AI/t5_os/cp/components/bk_libs/bk7258/libs/libwifi.a),C:/Users/naman/TuyaOpenIDE/TuyaOpenSDK/platform/T5AI/t5_os/cp/components/bk_libs/bk7258/libs/libwifi.a
6,0,6,6,0,0,0,6,`6,dbg_print.c.obj (ex C:/Users/naman/TuyaOpenIDE/TuyaOpenSDK/platform/T5AI/t5_os/cp/components/bk_libs/bk7258/libs/libwifi.a),C:/Users/naman/TuyaOpenIDE/TuyaOpenSDK/platform/T5AI/t5_os/cp/components/bk_libs/bk7258/libs/libwifi.a
1060,0,1060,36,1024,0,0,1060,`424,co_math.c.obj (ex C:/Users/naman/TuyaOpenIDE/TuyaOpenSDK/platform/T5AI/t5_os/cp/components/bk_libs/bk7258/libs/libwifi.a),C:/Users/naman/TuyaOpenIDE/TuyaOpenSDK/platform/T5AI/t5_os/cp/components/bk_libs/bk7258/libs/libwifi.a
375,0,375,344,31,0,0,375,`177,txl_buffer.c.obj (ex C:/Users/naman/TuyaOpenIDE/TuyaOpenSDK/platform/T5AI/t5_os/cp/components/bk_libs/bk7258/libs/libwifi.a),C:/Users/naman/TuyaOpenIDE/TuyaOpenSDK/platform/T5AI/t5_os/cp/components/bk_libs/bk7258/libs/libwifi.a
463,0,463,450,13,0,0,463,`1cf,me_mic.c.obj (ex C:/Users/naman/TuyaOpenIDE/TuyaOpenSDK/platform/T5AI/t5_os/cp/components/bk_libs/bk7258/libs/libwifi.a),C:/Users/naman/TuyaOpenIDE/TuyaOpenSDK/platform/T5AI/t5_os/cp/components/bk_libs/bk7258/libs/libwifi.a
1201,96,1201,1152,49,0,96,1297,`511,ftm.c.obj (ex C:/Users/naman/TuyaOpenIDE/TuyaOpenSDK/platform/T5AI/t5_os/cp/components/bk_libs/bk7258/libs/libwifi.a),C:/Users/naman/TuyaOpenIDE/TuyaOpenSDK/platform/T5AI/t5_os/cp/components/bk_libs/bk7258/libs/libwifi.a
44,0,44,44,0,0,0,44,`2c,dma.c.obj (ex C:/Users/naman/TuyaOpenIDE/TuyaOpenSDK/platform/T5AI/t5_os/cp/components/bk_libs/bk7258/libs/libwifi.a),C:/Users/naman/TuyaOpenIDE/TuyaOpenSDK/platform/T5AI/t5_os/cp/components/bk_libs/bk7258/libs/libwifi.a
0,28,0,0,0,0,28,28,`1c,ke_env.c.obj (ex C:/Users/naman/TuyaOpenIDE/TuyaOpenSDK/platform/T5AI/t5_os/cp/components/bk_libs/bk7258/libs/libwifi.a),C:/Users/naman/TuyaOpenIDE/TuyaOpenSDK/platform/T5AI/t5_os/cp/components/bk_libs/bk7258/libs/libwifi.a
0,3928,0,0,0,0,3928,3928,`f58,txl_frame_shared.c.obj (ex C:/Users/naman/TuyaOpenIDE/TuyaOpenSDK/platform/T5AI/t5_os/cp/components/bk_libs/bk7258/libs/libwifi.a),C:/Users/naman/TuyaOpenIDE/TuyaOpenSDK/platform/T5AI/t5_os/cp/components/bk_libs/bk7258/libs/libwifi.a
0,132,0,0,0,0,132,132,`84,txl_buffer_shared.c.obj (ex C:/Users/naman/TuyaOpenIDE/TuyaOpenSDK/platform/T5AI/t5_os/cp/components/bk_libs/bk7258/libs/libwifi.a),C:/Users/naman/TuyaOpenIDE/TuyaOpenSDK/platform/T5AI/t5_os/cp/components/bk_libs/bk7258/libs/libwifi.a
0,320,0,0,0,0,320,320,`140,scan_shared.c.obj (ex C:/Users/naman/TuyaOpenIDE/TuyaOpenSDK/platform/T5AI/t5_os/cp/components/bk_libs/bk7258/libs/libwifi.a),C:/Users/naman/TuyaOpenIDE/TuyaOpenSDK/platform/T5AI/t5_os/cp/components/bk_libs/bk7258/libs/libwifi.a
0,200,0,0,0,0,200,200,`c8,scanu_shared.c.obj (ex C:/Users/naman/TuyaOpenIDE/TuyaOpenSDK/platform/T5AI/t5_os/cp/components/bk_libs/bk7258/libs/libwifi.a),C:/Users/naman/TuyaOpenIDE/TuyaOpenSDK/platform/T5AI/t5_os/cp/components/bk_libs/bk7258/libs/libwifi.a
207640,43857,207468,177616,29852,172,43685,251325,`3d5bd,C:/Users/naman/TuyaOpenIDE/TuyaOpenSDK/platform/T5AI/t5_os/cp/components/bk_libs/bk7258/libs/libwifi.a,C:/Users/naman/TuyaOpenIDE/TuyaOpenSDK/platform/T5AI/t5_os/cp/components/bk_libs/bk7258/libs/libwifi.a
2680,260,2456,2270,186,224,36,2716,`a9c,net.c.obj (ex armino/lwip_intf_v2_1/liblwip_intf_v2_1.a),armino/lwip_intf_v2_1/liblwip_intf_v2_1.a
238,0,238,238,0,0,0,238,`ee,netifapi.c.obj (ex armino/lwip_intf_v2_1/liblwip_intf_v2_1.a),armino/lwip_intf_v2_1/liblwip_intf_v2_1.a
5429,648,5429,5302,127,0,648,6077,`17bd,sockets.c.obj (ex armino/lwip_intf_v2_1/liblwip_intf_v2_1.a),armino/lwip_intf_v2_1/liblwip_intf_v2_1.a
467,16,467,460,7,0,16,483,`1e3,tcpip.c.obj (ex armino/lwip_intf_v2_1/liblwip_intf_v2_1.a),armino/lwip_intf_v2_1/liblwip_intf_v2_1.a
1345,18,1345,924,421,0,18,1363,`553,ping.c.obj (ex armino/lwip_intf_v2_1/liblwip_intf_v2_1.a),armino/lwip_intf_v2_1/liblwip_intf_v2_1.a
70,0,70,70,0,0,0,70,`46,def.c.obj (ex armino/lwip_intf_v2_1/liblwip_intf_v2_1.a),armino/lwip_intf_v2_1/liblwip_intf_v2_1.a
2190,586,2190,2180,10,0,586,2776,`ad8,dns.c.obj (ex armino/lwip_intf_v2_1/liblwip_intf_v2_1.a),armino/lwip_intf_v2_1/liblwip_intf_v2_1.a
316,0,316,316,0,0,0,316,`13c,inet_chksum.c.obj (ex armino/lwip_intf_v2_1/liblwip_intf_v2_1.a),armino/lwip_intf_v2_1/liblwip_intf_v2_1.a
46,0,46,46,0,0,0,46,`2e,init.c.obj (ex armino/lwip_intf_v2_1/liblwip_intf_v2_1.a),armino/lwip_intf_v2_1/liblwip_intf_v2_1.a
5378,99,5378,4838,540,0,99,5477,`1565,dhcp.c.obj (ex armino/lwip_intf_v2_1/liblwip_intf_v2_1.a),armino/lwip_intf_v2_1/liblwip_intf_v2_1.a
2138,274,2126,2112,14,12,262,2400,`960,etharp.c.obj (ex armino/lwip_intf_v2_1/liblwip_intf_v2_1.a),armino/lwip_intf_v2_1/liblwip_intf_v2_1.a
1950,8,1950,1384,566,0,8,1958,`7a6,igmp.c.obj (ex armino/lwip_intf_v2_1/liblwip_intf_v2_1.a),armino/lwip_intf_v2_1/liblwip_intf_v2_1.a
534,16,534,526,8,0,16,550,`226,ip4_addr.c.obj (ex armino/lwip_intf_v2_1/liblwip_intf_v2_1.a),armino/lwip_intf_v2_1/liblwip_intf_v2_1.a
1410,6,1410,1410,0,0,6,1416,`588,ip4.c.obj (ex armino/lwip_intf_v2_1/liblwip_intf_v2_1.a),armino/lwip_intf_v2_1/liblwip_intf_v2_1.a
1531,6,1531,1504,27,0,6,1537,`601,ip4_frag.c.obj (ex armino/lwip_intf_v2_1/liblwip_intf_v2_1.a),armino/lwip_intf_v2_1/liblwip_intf_v2_1.a
454,0,454,430,24,0,0,454,`1c6,mem.c.obj (ex armino/lwip_intf_v2_1/liblwip_intf_v2_1.a),armino/lwip_intf_v2_1/liblwip_intf_v2_1.a
690,768,690,214,476,0,768,1458,`5b2,memp.c.obj (ex armino/lwip_intf_v2_1/liblwip_intf_v2_1.a),armino/lwip_intf_v2_1/liblwip_intf_v2_1.a
1394,93,1394,1244,150,0,93,1487,`5cf,netif.c.obj (ex armino/lwip_intf_v2_1/liblwip_intf_v2_1.a),armino/lwip_intf_v2_1/liblwip_intf_v2_1.a
1814,1,1814,1480,334,0,1,1815,`717,pbuf.c.obj (ex armino/lwip_intf_v2_1/liblwip_intf_v2_1.a),armino/lwip_intf_v2_1/liblwip_intf_v2_1.a
712,4,712,712,0,0,4,716,`2cc,raw.c.obj (ex armino/lwip_intf_v2_1/liblwip_intf_v2_1.a),armino/lwip_intf_v2_1/liblwip_intf_v2_1.a
24,564,24,20,4,0,564,588,`24c,stats.c.obj (ex armino/lwip_intf_v2_1/liblwip_intf_v2_1.a),armino/lwip_intf_v2_1/liblwip_intf_v2_1.a
34,0,34,34,0,0,0,34,`22,sys.c.obj (ex armino/lwip_intf_v2_1/liblwip_intf_v2_1.a),armino/lwip_intf_v2_1/liblwip_intf_v2_1.a
4603,29,4597,4086,511,6,23,4626,`1212,tcp.c.obj (ex armino/lwip_intf_v2_1/liblwip_intf_v2_1.a),armino/lwip_intf_v2_1/liblwip_intf_v2_1.a
5404,64,5404,5404,0,0,64,5468,`155c,tcp_in.c.obj (ex armino/lwip_intf_v2_1/liblwip_intf_v2_1.a),armino/lwip_intf_v2_1/liblwip_intf_v2_1.a
3374,0,3374,3302,72,0,0,3374,`d2e,tcp_out.c.obj (ex armino/lwip_intf_v2_1/liblwip_intf_v2_1.a),armino/lwip_intf_v2_1/liblwip_intf_v2_1.a
456,12,456,400,56,0,12,468,`1d4,timeouts.c.obj (ex armino/lwip_intf_v2_1/liblwip_intf_v2_1.a),armino/lwip_intf_v2_1/liblwip_intf_v2_1.a
2318,6,2316,1768,548,2,4,2322,`912,udp.c.obj (ex armino/lwip_intf_v2_1/liblwip_intf_v2_1.a),armino/lwip_intf_v2_1/liblwip_intf_v2_1.a
304,0,304,292,12,0,0,304,`130,ethernet.c.obj (ex armino/lwip_intf_v2_1/liblwip_intf_v2_1.a),armino/lwip_intf_v2_1/liblwip_intf_v2_1.a
132,5,132,120,12,0,5,137,`89,dhcp-server-main.c.obj (ex armino/lwip_intf_v2_1/liblwip_intf_v2_1.a),armino/lwip_intf_v2_1/liblwip_intf_v2_1.a
412,0,412,388,24,0,0,412,`19c,wlanif.c.obj (ex armino/lwip_intf_v2_1/liblwip_intf_v2_1.a),armino/lwip_intf_v2_1/liblwip_intf_v2_1.a
814,8,814,716,98,0,8,822,`336,sys_arch.c.obj (ex armino/lwip_intf_v2_1/liblwip_intf_v2_1.a),armino/lwip_intf_v2_1/liblwip_intf_v2_1.a
2451,0,2451,1818,633,0,0,2451,`993,api_lib.c.obj (ex armino/lwip_intf_v2_1/liblwip_intf_v2_1.a),armino/lwip_intf_v2_1/liblwip_intf_v2_1.a
4121,0,4121,4084,37,0,0,4121,`1019,api_msg.c.obj (ex armino/lwip_intf_v2_1/liblwip_intf_v2_1.a),armino/lwip_intf_v2_1/liblwip_intf_v2_1.a
96,0,96,28,68,0,0,96,`60,err.c.obj (ex armino/lwip_intf_v2_1/liblwip_intf_v2_1.a),armino/lwip_intf_v2_1/liblwip_intf_v2_1.a
181,0,181,130,51,0,0,181,`b5,netbuf.c.obj (ex armino/lwip_intf_v2_1/liblwip_intf_v2_1.a),armino/lwip_intf_v2_1/liblwip_intf_v2_1.a
304,0,304,304,0,0,0,304,`130,netdb.c.obj (ex armino/lwip_intf_v2_1/liblwip_intf_v2_1.a),armino/lwip_intf_v2_1/liblwip_intf_v2_1.a
616,0,616,616,0,0,0,616,`268,icmp.c.obj (ex armino/lwip_intf_v2_1/liblwip_intf_v2_1.a),armino/lwip_intf_v2_1/liblwip_intf_v2_1.a
2679,232,2675,2612,63,4,228,2907,`b5b,dhcp-server.c.obj (ex armino/lwip_intf_v2_1/liblwip_intf_v2_1.a),armino/lwip_intf_v2_1/liblwip_intf_v2_1.a
0,24,0,0,0,0,24,24,`18,ip.c.obj (ex armino/lwip_intf_v2_1/liblwip_intf_v2_1.a),armino/lwip_intf_v2_1/liblwip_intf_v2_1.a
59109,3747,58861,53782,5079,248,3499,62608,`f490,armino/lwip_intf_v2_1/liblwip_intf_v2_1.a,armino/lwip_intf_v2_1/liblwip_intf_v2_1.a
888,0,888,888,0,0,0,888,`378,_arm_addsubdf3.o (ex c:/users/naman/tuyaopenide/tuyaopensdk/platform/tools/gcc-arm-none-eabi-10.3-2021.10/bin/../lib/gcc/arm-none-eabi/10.3.1/thumb/v8-m.main+fp/hard\libgcc.a),c:/users/naman/tuyaopenide/tuyaopensdk/platform/tools/gcc-arm-none-eabi-10.3-2021.10/bin/../lib/gcc/arm-none-eabi/10.3.1/thumb/v8-m.main+fp/hard\libgcc.a
1060,0,1060,1060,0,0,0,1060,`424,_arm_muldivdf3.o (ex c:/users/naman/tuyaopenide/tuyaopensdk/platform/tools/gcc-arm-none-eabi-10.3-2021.10/bin/../lib/gcc/arm-none-eabi/10.3.1/thumb/v8-m.main+fp/hard\libgcc.a),c:/users/naman/tuyaopenide/tuyaopensdk/platform/tools/gcc-arm-none-eabi-10.3-2021.10/bin/../lib/gcc/arm-none-eabi/10.3.1/thumb/v8-m.main+fp/hard\libgcc.a
272,0,272,272,0,0,0,272,`110,_arm_cmpdf2.o (ex c:/users/naman/tuyaopenide/tuyaopensdk/platform/tools/gcc-arm-none-eabi-10.3-2021.10/bin/../lib/gcc/arm-none-eabi/10.3.1/thumb/v8-m.main+fp/hard\libgcc.a),c:/users/naman/tuyaopenide/tuyaopensdk/platform/tools/gcc-arm-none-eabi-10.3-2021.10/bin/../lib/gcc/arm-none-eabi/10.3.1/thumb/v8-m.main+fp/hard\libgcc.a
80,0,80,80,0,0,0,80,`50,_arm_fixdfsi.o (ex c:/users/naman/tuyaopenide/tuyaopensdk/platform/tools/gcc-arm-none-eabi-10.3-2021.10/bin/../lib/gcc/arm-none-eabi/10.3.1/thumb/v8-m.main+fp/hard\libgcc.a),c:/users/naman/tuyaopenide/tuyaopensdk/platform/tools/gcc-arm-none-eabi-10.3-2021.10/bin/../lib/gcc/arm-none-eabi/10.3.1/thumb/v8-m.main+fp/hard\libgcc.a
64,0,64,64,0,0,0,64,`40,_arm_fixunsdfsi.o (ex c:/users/naman/tuyaopenide/tuyaopensdk/platform/tools/gcc-arm-none-eabi-10.3-2021.10/bin/../lib/gcc/arm-none-eabi/10.3.1/thumb/v8-m.main+fp/hard\libgcc.a),c:/users/naman/tuyaopenide/tuyaopensdk/platform/tools/gcc-arm-none-eabi-10.3-2021.10/bin/../lib/gcc/arm-none-eabi/10.3.1/thumb/v8-m.main+fp/hard\libgcc.a
160,0,160,160,0,0,0,160,`a0,_arm_truncdfsf2.o (ex c:/users/naman/tuyaopenide/tuyaopensdk/platform/tools/gcc-arm-none-eabi-10.3-2021.10/bin/../lib/gcc/arm-none-eabi/10.3.1/thumb/v8-m.main+fp/hard\libgcc.a),c:/users/naman/tuyaopenide/tuyaopensdk/platform/tools/gcc-arm-none-eabi-10.3-2021.10/bin/../lib/gcc/arm-none-eabi/10.3.1/thumb/v8-m.main+fp/hard\libgcc.a
540,0,540,540,0,0,0,540,`21c,_arm_addsubsf3.o (ex c:/users/naman/tuyaopenide/tuyaopensdk/platform/tools/gcc-arm-none-eabi-10.3-2021.10/bin/../lib/gcc/arm-none-eabi/10.3.1/thumb/v8-m.main+fp/hard\libgcc.a),c:/users/naman/tuyaopenide/tuyaopensdk/platform/tools/gcc-arm-none-eabi-10.3-2021.10/bin/../lib/gcc/arm-none-eabi/10.3.1/thumb/v8-m.main+fp/hard\libgcc.a
160,0,160,160,0,0,0,160,`a0,_aeabi_ldivmod.o (ex c:/users/naman/tuyaopenide/tuyaopensdk/platform/tools/gcc-arm-none-eabi-10.3-2021.10/bin/../lib/gcc/arm-none-eabi/10.3.1/thumb/v8-m.main+fp/hard\libgcc.a),c:/users/naman/tuyaopenide/tuyaopensdk/platform/tools/gcc-arm-none-eabi-10.3-2021.10/bin/../lib/gcc/arm-none-eabi/10.3.1/thumb/v8-m.main+fp/hard\libgcc.a
48,0,48,48,0,0,0,48,`30,_aeabi_uldivmod.o (ex c:/users/naman/tuyaopenide/tuyaopensdk/platform/tools/gcc-arm-none-eabi-10.3-2021.10/bin/../lib/gcc/arm-none-eabi/10.3.1/thumb/v8-m.main+fp/hard\libgcc.a),c:/users/naman/tuyaopenide/tuyaopensdk/platform/tools/gcc-arm-none-eabi-10.3-2021.10/bin/../lib/gcc/arm-none-eabi/10.3.1/thumb/v8-m.main+fp/hard\libgcc.a
48,0,48,48,0,0,0,48,`30,_fixdfdi.o (ex c:/users/naman/tuyaopenide/tuyaopensdk/platform/tools/gcc-arm-none-eabi-10.3-2021.10/bin/../lib/gcc/arm-none-eabi/10.3.1/thumb/v8-m.main+fp/hard\libgcc.a),c:/users/naman/tuyaopenide/tuyaopensdk/platform/tools/gcc-arm-none-eabi-10.3-2021.10/bin/../lib/gcc/arm-none-eabi/10.3.1/thumb/v8-m.main+fp/hard\libgcc.a
64,0,64,64,0,0,0,64,`40,_fixunssfdi.o (ex c:/users/naman/tuyaopenide/tuyaopensdk/platform/tools/gcc-arm-none-eabi-10.3-2021.10/bin/../lib/gcc/arm-none-eabi/10.3.1/thumb/v8-m.main+fp/hard\libgcc.a),c:/users/naman/tuyaopenide/tuyaopensdk/platform/tools/gcc-arm-none-eabi-10.3-2021.10/bin/../lib/gcc/arm-none-eabi/10.3.1/thumb/v8-m.main+fp/hard\libgcc.a
60,0,60,60,0,0,0,60,`3c,_fixunsdfdi.o (ex c:/users/naman/tuyaopenide/tuyaopensdk/platform/tools/gcc-arm-none-eabi-10.3-2021.10/bin/../lib/gcc/arm-none-eabi/10.3.1/thumb/v8-m.main+fp/hard\libgcc.a),c:/users/naman/tuyaopenide/tuyaopensdk/platform/tools/gcc-arm-none-eabi-10.3-2021.10/bin/../lib/gcc/arm-none-eabi/10.3.1/thumb/v8-m.main+fp/hard\libgcc.a
748,0,748,748,0,0,0,748,`2ec,_udivmoddi4.o (ex c:/users/naman/tuyaopenide/tuyaopensdk/platform/tools/gcc-arm-none-eabi-10.3-2021.10/bin/../lib/gcc/arm-none-eabi/10.3.1/thumb/v8-m.main+fp/hard\libgcc.a),c:/users/naman/tuyaopenide/tuyaopensdk/platform/tools/gcc-arm-none-eabi-10.3-2021.10/bin/../lib/gcc/arm-none-eabi/10.3.1/thumb/v8-m.main+fp/hard\libgcc.a
4,0,4,4,0,0,0,4,`4,_dvmd_tls.o (ex c:/users/naman/tuyaopenide/tuyaopensdk/platform/tools/gcc-arm-none-eabi-10.3-2021.10/bin/../lib/gcc/arm-none-eabi/10.3.1/thumb/v8-m.main+fp/hard\libgcc.a),c:/users/naman/tuyaopenide/tuyaopensdk/platform/tools/gcc-arm-none-eabi-10.3-2021.10/bin/../lib/gcc/arm-none-eabi/10.3.1/thumb/v8-m.main+fp/hard\libgcc.a
44,0,44,44,0,0,0,44,`2c,_arm_unorddf2.o (ex c:/users/naman/tuyaopenide/tuyaopensdk/platform/tools/gcc-arm-none-eabi-10.3-2021.10/bin/../lib/gcc/arm-none-eabi/10.3.1/thumb/v8-m.main+fp/hard\libgcc.a),c:/users/naman/tuyaopenide/tuyaopensdk/platform/tools/gcc-arm-none-eabi-10.3-2021.10/bin/../lib/gcc/arm-none-eabi/10.3.1/thumb/v8-m.main+fp/hard\libgcc.a
4240,0,4240,4240,0,0,0,4240,`1090,c:/users/naman/tuyaopenide/tuyaopensdk/platform/tools/gcc-arm-none-eabi-10.3-2021.10/bin/../lib/gcc/arm-none-eabi/10.3.1/thumb/v8-m.main+fp/hard\libgcc.a,c:/users/naman/tuyaopenide/tuyaopensdk/platform/tools/gcc-arm-none-eabi-10.3-2021.10/bin/../lib/gcc/arm-none-eabi/10.3.1/thumb/v8-m.main+fp/hard\libgcc.a
236,0,236,236,0,0,0,236,`ec,lib_a-memcpy.o (ex c:/users/naman/tuyaopenide/tuyaopensdk/platform/tools/gcc-arm-none-eabi-10.3-2021.10/bin/../lib/gcc/arm-none-eabi/10.3.1/../../../../arm-none-eabi/lib/thumb/v8-m.main+fp/hard\libc.a),c:/users/naman/tuyaopenide/tuyaopensdk/platform/tools/gcc-arm-none-eabi-10.3-2021.10/bin/../lib/gcc/arm-none-eabi/10.3.1/../../../../arm-none-eabi/lib/thumb/v8-m.main+fp/hard\libc.a
28,0,28,28,0,0,0,28,`1c,lib_a-setjmp.o (ex c:/users/naman/tuyaopenide/tuyaopensdk/platform/tools/gcc-arm-none-eabi-10.3-2021.10/bin/../lib/gcc/arm-none-eabi/10.3.1/../../../../arm-none-eabi/lib/thumb/v8-m.main+fp/hard\libc.a),c:/users/naman/tuyaopenide/tuyaopensdk/platform/tools/gcc-arm-none-eabi-10.3-2021.10/bin/../lib/gcc/arm-none-eabi/10.3.1/../../../../arm-none-eabi/lib/thumb/v8-m.main+fp/hard\libc.a
444,0,444,444,0,0,0,444,`1bc,lib_a-strcmp.o (ex c:/users/naman/tuyaopenide/tuyaopensdk/platform/tools/gcc-arm-none-eabi-10.3-2021.10/bin/../lib/gcc/arm-none-eabi/10.3.1/../../../../arm-none-eabi/lib/thumb/v8-m.main+fp/hard\libc.a),c:/users/naman/tuyaopenide/tuyaopensdk/platform/tools/gcc-arm-none-eabi-10.3-2021.10/bin/../lib/gcc/arm-none-eabi/10.3.1/../../../../arm-none-eabi/lib/thumb/v8-m.main+fp/hard\libc.a
8,0,8,8,0,0,0,8,`8,lib_a-atof.o (ex c:/users/naman/tuyaopenide/tuyaopensdk/platform/tools/gcc-arm-none-eabi-10.3-2021.10/bin/../lib/gcc/arm-none-eabi/10.3.1/../../../../arm-none-eabi/lib/thumb/v8-m.main+fp/hard\libc.a),c:/users/naman/tuyaopenide/tuyaopensdk/platform/tools/gcc-arm-none-eabi-10.3-2021.10/bin/../lib/gcc/arm-none-eabi/10.3.1/../../../../arm-none-eabi/lib/thumb/v8-m.main+fp/hard\libc.a
8,0,8,8,0,0,0,8,`8,lib_a-atoi.o (ex c:/users/naman/tuyaopenide/tuyaopensdk/platform/tools/gcc-arm-none-eabi-10.3-2021.10/bin/../lib/gcc/arm-none-eabi/10.3.1/../../../../arm-none-eabi/lib/thumb/v8-m.main+fp/hard\libc.a),c:/users/naman/tuyaopenide/tuyaopensdk/platform/tools/gcc-arm-none-eabi-10.3-2021.10/bin/../lib/gcc/arm-none-eabi/10.3.1/../../../../arm-none-eabi/lib/thumb/v8-m.main+fp/hard\libc.a
48,0,48,48,0,0,0,48,`30,lib_a-itoa.o (ex c:/users/naman/tuyaopenide/tuyaopensdk/platform/tools/gcc-arm-none-eabi-10.3-2021.10/bin/../lib/gcc/arm-none-eabi/10.3.1/../../../../arm-none-eabi/lib/thumb/v8-m.main+fp/hard\libc.a),c:/users/naman/tuyaopenide/tuyaopensdk/platform/tools/gcc-arm-none-eabi-10.3-2021.10/bin/../lib/gcc/arm-none-eabi/10.3.1/../../../../arm-none-eabi/lib/thumb/v8-m.main+fp/hard\libc.a
96,0,96,96,0,0,0,96,`60,lib_a-memcmp.o (ex c:/users/naman/tuyaopenide/tuyaopensdk/platform/tools/gcc-arm-none-eabi-10.3-2021.10/bin/../lib/gcc/arm-none-eabi/10.3.1/../../../../arm-none-eabi/lib/thumb/v8-m.main+fp/hard\libc.a),c:/users/naman/tuyaopenide/tuyaopensdk/platform/tools/gcc-arm-none-eabi-10.3-2021.10/bin/../lib/gcc/arm-none-eabi/10.3.1/../../../../arm-none-eabi/lib/thumb/v8-m.main+fp/hard\libc.a
248,0,248,248,0,0,0,248,`f8,lib_a-memmove.o (ex c:/users/naman/tuyaopenide/tuyaopensdk/platform/tools/gcc-arm-none-eabi-10.3-2021.10/bin/../lib/gcc/arm-none-eabi/10.3.1/../../../../arm-none-eabi/lib/thumb/v8-m.main+fp/hard\libc.a),c:/users/naman/tuyaopenide/tuyaopensdk/platform/tools/gcc-arm-none-eabi-10.3-2021.10/bin/../lib/gcc/arm-none-eabi/10.3.1/../../../../arm-none-eabi/lib/thumb/v8-m.main+fp/hard\libc.a
164,0,164,164,0,0,0,164,`a4,lib_a-memset.o (ex c:/users/naman/tuyaopenide/tuyaopensdk/platform/tools/gcc-arm-none-eabi-10.3-2021.10/bin/../lib/gcc/arm-none-eabi/10.3.1/../../../../arm-none-eabi/lib/thumb/v8-m.main+fp/hard\libc.a),c:/users/naman/tuyaopenide/tuyaopensdk/platform/tools/gcc-arm-none-eabi-10.3-2021.10/bin/../lib/gcc/arm-none-eabi/10.3.1/../../../../arm-none-eabi/lib/thumb/v8-m.main+fp/hard\libc.a
16,0,16,16,0,0,0,16,`10,lib_a-putchar.o (ex c:/users/naman/tuyaopenide/tuyaopensdk/platform/tools/gcc-arm-none-eabi-10.3-2021.10/bin/../lib/gcc/arm-none-eabi/10.3.1/../../../../arm-none-eabi/lib/thumb/v8-m.main+fp/hard\libc.a),c:/users/naman/tuyaopenide/tuyaopensdk/platform/tools/gcc-arm-none-eabi-10.3-2021.10/bin/../lib/gcc/arm-none-eabi/10.3.1/../../../../arm-none-eabi/lib/thumb/v8-m.main+fp/hard\libc.a
1580,0,1580,1580,0,0,0,1580,`62c,lib_a-qsort.o (ex c:/users/naman/tuyaopenide/tuyaopensdk/platform/tools/gcc-arm-none-eabi-10.3-2021.10/bin/../lib/gcc/arm-none-eabi/10.3.1/../../../../arm-none-eabi/lib/thumb/v8-m.main+fp/hard\libc.a),c:/users/naman/tuyaopenide/tuyaopensdk/platform/tools/gcc-arm-none-eabi-10.3-2021.10/bin/../lib/gcc/arm-none-eabi/10.3.1/../../../../arm-none-eabi/lib/thumb/v8-m.main+fp/hard\libc.a
76,0,76,76,0,0,0,76,`4c,lib_a-rand.o (ex c:/users/naman/tuyaopenide/tuyaopensdk/platform/tools/gcc-arm-none-eabi-10.3-2021.10/bin/../lib/gcc/arm-none-eabi/10.3.1/../../../../arm-none-eabi/lib/thumb/v8-m.main+fp/hard\libc.a),c:/users/naman/tuyaopenide/tuyaopensdk/platform/tools/gcc-arm-none-eabi-10.3-2021.10/bin/../lib/gcc/arm-none-eabi/10.3.1/../../../../arm-none-eabi/lib/thumb/v8-m.main+fp/hard\libc.a
88,0,88,88,0,0,0,88,`58,lib_a-sscanf.o (ex c:/users/naman/tuyaopenide/tuyaopensdk/platform/tools/gcc-arm-none-eabi-10.3-2021.10/bin/../lib/gcc/arm-none-eabi/10.3.1/../../../../arm-none-eabi/lib/thumb/v8-m.main+fp/hard\libc.a),c:/users/naman/tuyaopenide/tuyaopensdk/platform/tools/gcc-arm-none-eabi-10.3-2021.10/bin/../lib/gcc/arm-none-eabi/10.3.1/../../../../arm-none-eabi/lib/thumb/v8-m.main+fp/hard\libc.a
148,0,148,148,0,0,0,148,`94,lib_a-stdio.o (ex c:/users/naman/tuyaopenide/tuyaopensdk/platform/tools/gcc-arm-none-eabi-10.3-2021.10/bin/../lib/gcc/arm-none-eabi/10.3.1/../../../../arm-none-eabi/lib/thumb/v8-m.main+fp/hard\libc.a),c:/users/naman/tuyaopenide/tuyaopensdk/platform/tools/gcc-arm-none-eabi-10.3-2021.10/bin/../lib/gcc/arm-none-eabi/10.3.1/../../../../arm-none-eabi/lib/thumb/v8-m.main+fp/hard\libc.a
76,0,76,76,0,0,0,76,`4c,lib_a-strcasecmp.o (ex c:/users/naman/tuyaopenide/tuyaopensdk/platform/tools/gcc-arm-none-eabi-10.3-2021.10/bin/../lib/gcc/arm-none-eabi/10.3.1/../../../../arm-none-eabi/lib/thumb/v8-m.main+fp/hard\libc.a),c:/users/naman/tuyaopenide/tuyaopensdk/platform/tools/gcc-arm-none-eabi-10.3-2021.10/bin/../lib/gcc/arm-none-eabi/10.3.1/../../../../arm-none-eabi/lib/thumb/v8-m.main+fp/hard\libc.a
64,0,64,64,0,0,0,64,`40,lib_a-strcat.o (ex c:/users/naman/tuyaopenide/tuyaopensdk/platform/tools/gcc-arm-none-eabi-10.3-2021.10/bin/../lib/gcc/arm-none-eabi/10.3.1/../../../../arm-none-eabi/lib/thumb/v8-m.main+fp/hard\libc.a),c:/users/naman/tuyaopenide/tuyaopensdk/platform/tools/gcc-arm-none-eabi-10.3-2021.10/bin/../lib/gcc/arm-none-eabi/10.3.1/../../../../arm-none-eabi/lib/thumb/v8-m.main+fp/hard\libc.a
204,0,204,204,0,0,0,204,`cc,lib_a-strchr.o (ex c:/users/naman/tuyaopenide/tuyaopensdk/platform/tools/gcc-arm-none-eabi-10.3-2021.10/bin/../lib/gcc/arm-none-eabi/10.3.1/../../../../arm-none-eabi/lib/thumb/v8-m.main+fp/hard\libc.a),c:/users/naman/tuyaopenide/tuyaopensdk/platform/tools/gcc-arm-none-eabi-10.3-2021.10/bin/../lib/gcc/arm-none-eabi/10.3.1/../../../../arm-none-eabi/lib/thumb/v8-m.main+fp/hard\libc.a
188,0,188,188,0,0,0,188,`bc,lib_a-strcpy.o (ex c:/users/naman/tuyaopenide/tuyaopensdk/platform/tools/gcc-arm-none-eabi-10.3-2021.10/bin/../lib/gcc/arm-none-eabi/10.3.1/../../../../arm-none-eabi/lib/thumb/v8-m.main+fp/hard\libc.a),c:/users/naman/tuyaopenide/tuyaopensdk/platform/tools/gcc-arm-none-eabi-10.3-2021.10/bin/../lib/gcc/arm-none-eabi/10.3.1/../../../../arm-none-eabi/lib/thumb/v8-m.main+fp/hard\libc.a
92,0,92,92,0,0,0,92,`5c,lib_a-strlen-stub.o (ex c:/users/naman/tuyaopenide/tuyaopensdk/platform/tools/gcc-arm-none-eabi-10.3-2021.10/bin/../lib/gcc/arm-none-eabi/10.3.1/../../../../arm-none-eabi/lib/thumb/v8-m.main+fp/hard\libc.a),c:/users/naman/tuyaopenide/tuyaopensdk/platform/tools/gcc-arm-none-eabi-10.3-2021.10/bin/../lib/gcc/arm-none-eabi/10.3.1/../../../../arm-none-eabi/lib/thumb/v8-m.main+fp/hard\libc.a
88,0,88,88,0,0,0,88,`58,lib_a-strncasecmp.o (ex c:/users/naman/tuyaopenide/tuyaopensdk/platform/tools/gcc-arm-none-eabi-10.3-2021.10/bin/../lib/gcc/arm-none-eabi/10.3.1/../../../../arm-none-eabi/lib/thumb/v8-m.main+fp/hard\libc.a),c:/users/naman/tuyaopenide/tuyaopensdk/platform/tools/gcc-arm-none-eabi-10.3-2021.10/bin/../lib/gcc/arm-none-eabi/10.3.1/../../../../arm-none-eabi/lib/thumb/v8-m.main+fp/hard\libc.a
120,0,120,120,0,0,0,120,`78,lib_a-strncmp.o (ex c:/users/naman/tuyaopenide/tuyaopensdk/platform/tools/gcc-arm-none-eabi-10.3-2021.10/bin/../lib/gcc/arm-none-eabi/10.3.1/../../../../arm-none-eabi/lib/thumb/v8-m.main+fp/hard\libc.a),c:/users/naman/tuyaopenide/tuyaopensdk/platform/tools/gcc-arm-none-eabi-10.3-2021.10/bin/../lib/gcc/arm-none-eabi/10.3.1/../../../../arm-none-eabi/lib/thumb/v8-m.main+fp/hard\libc.a
100,0,100,100,0,0,0,100,`64,lib_a-strncpy.o (ex c:/users/naman/tuyaopenide/tuyaopensdk/platform/tools/gcc-arm-none-eabi-10.3-2021.10/bin/../lib/gcc/arm-none-eabi/10.3.1/../../../../arm-none-eabi/lib/thumb/v8-m.main+fp/hard\libc.a),c:/users/naman/tuyaopenide/tuyaopensdk/platform/tools/gcc-arm-none-eabi-10.3-2021.10/bin/../lib/gcc/arm-none-eabi/10.3.1/../../../../arm-none-eabi/lib/thumb/v8-m.main+fp/hard\libc.a
36,0,36,36,0,0,0,36,`24,lib_a-strrchr.o (ex c:/users/naman/tuyaopenide/tuyaopensdk/platform/tools/gcc-arm-none-eabi-10.3-2021.10/bin/../lib/gcc/arm-none-eabi/10.3.1/../../../../arm-none-eabi/lib/thumb/v8-m.main+fp/hard\libc.a),c:/users/naman/tuyaopenide/tuyaopensdk/platform/tools/gcc-arm-none-eabi-10.3-2021.10/bin/../lib/gcc/arm-none-eabi/10.3.1/../../../../arm-none-eabi/lib/thumb/v8-m.main+fp/hard\libc.a
1080,0,1080,1080,0,0,0,1080,`438,lib_a-strstr.o (ex c:/users/naman/tuyaopenide/tuyaopensdk/platform/tools/gcc-arm-none-eabi-10.3-2021.10/bin/../lib/gcc/arm-none-eabi/10.3.1/../../../../arm-none-eabi/lib/thumb/v8-m.main+fp/hard\libc.a),c:/users/naman/tuyaopenide/tuyaopensdk/platform/tools/gcc-arm-none-eabi-10.3-2021.10/bin/../lib/gcc/arm-none-eabi/10.3.1/../../../../arm-none-eabi/lib/thumb/v8-m.main+fp/hard\libc.a
4209,0,4209,4112,97,0,0,4209,`1071,lib_a-strtod.o (ex c:/users/naman/tuyaopenide/tuyaopensdk/platform/tools/gcc-arm-none-eabi-10.3-2021.10/bin/../lib/gcc/arm-none-eabi/10.3.1/../../../../arm-none-eabi/lib/thumb/v8-m.main+fp/hard\libc.a),c:/users/naman/tuyaopenide/tuyaopensdk/platform/tools/gcc-arm-none-eabi-10.3-2021.10/bin/../lib/gcc/arm-none-eabi/10.3.1/../../../../arm-none-eabi/lib/thumb/v8-m.main+fp/hard\libc.a
332,0,332,332,0,0,0,332,`14c,lib_a-strtol.o (ex c:/users/naman/tuyaopenide/tuyaopensdk/platform/tools/gcc-arm-none-eabi-10.3-2021.10/bin/../lib/gcc/arm-none-eabi/10.3.1/../../../../arm-none-eabi/lib/thumb/v8-m.main+fp/hard\libc.a),c:/users/naman/tuyaopenide/tuyaopensdk/platform/tools/gcc-arm-none-eabi-10.3-2021.10/bin/../lib/gcc/arm-none-eabi/10.3.1/../../../../arm-none-eabi/lib/thumb/v8-m.main+fp/hard\libc.a
304,0,304,304,0,0,0,304,`130,lib_a-strtoul.o (ex c:/users/naman/tuyaopenide/tuyaopensdk/platform/tools/gcc-arm-none-eabi-10.3-2021.10/bin/../lib/gcc/arm-none-eabi/10.3.1/../../../../arm-none-eabi/lib/thumb/v8-m.main+fp/hard\libc.a),c:/users/naman/tuyaopenide/tuyaopensdk/platform/tools/gcc-arm-none-eabi-10.3-2021.10/bin/../lib/gcc/arm-none-eabi/10.3.1/../../../../arm-none-eabi/lib/thumb/v8-m.main+fp/hard\libc.a
5995,0,5995,5956,39,0,0,5995,`176b,lib_a-svfscanf.o (ex c:/users/naman/tuyaopenide/tuyaopensdk/platform/tools/gcc-arm-none-eabi-10.3-2021.10/bin/../lib/gcc/arm-none-eabi/10.3.1/../../../../arm-none-eabi/lib/thumb/v8-m.main+fp/hard\libc.a),c:/users/naman/tuyaopenide/tuyaopensdk/platform/tools/gcc-arm-none-eabi-10.3-2021.10/bin/../lib/gcc/arm-none-eabi/10.3.1/../../../../arm-none-eabi/lib/thumb/v8-m.main+fp/hard\libc.a
193,0,193,156,37,0,0,193,`c1,lib_a-utoa.o (ex c:/users/naman/tuyaopenide/tuyaopensdk/platform/tools/gcc-arm-none-eabi-10.3-2021.10/bin/../lib/gcc/arm-none-eabi/10.3.1/../../../../arm-none-eabi/lib/thumb/v8-m.main+fp/hard\libc.a),c:/users/naman/tuyaopenide/tuyaopensdk/platform/tools/gcc-arm-none-eabi-10.3-2021.10/bin/../lib/gcc/arm-none-eabi/10.3.1/../../../../arm-none-eabi/lib/thumb/v8-m.main+fp/hard\libc.a
44,0,44,44,0,0,0,44,`2c,lib_a-writer.o (ex c:/users/naman/tuyaopenide/tuyaopensdk/platform/tools/gcc-arm-none-eabi-10.3-2021.10/bin/../lib/gcc/arm-none-eabi/10.3.1/../../../../arm-none-eabi/lib/thumb/v8-m.main+fp/hard\libc.a),c:/users/naman/tuyaopenide/tuyaopensdk/platform/tools/gcc-arm-none-eabi-10.3-2021.10/bin/../lib/gcc/arm-none-eabi/10.3.1/../../../../arm-none-eabi/lib/thumb/v8-m.main+fp/hard\libc.a
36,0,36,36,0,0,0,36,`24,lib_a-closer.o (ex c:/users/naman/tuyaopenide/tuyaopensdk/platform/tools/gcc-arm-none-eabi-10.3-2021.10/bin/../lib/gcc/arm-none-eabi/10.3.1/../../../../arm-none-eabi/lib/thumb/v8-m.main+fp/hard\libc.a),c:/users/naman/tuyaopenide/tuyaopensdk/platform/tools/gcc-arm-none-eabi-10.3-2021.10/bin/../lib/gcc/arm-none-eabi/10.3.1/../../../../arm-none-eabi/lib/thumb/v8-m.main+fp/hard\libc.a
12,0,12,12,0,0,0,12,`c,lib_a-errno.o (ex c:/users/naman/tuyaopenide/tuyaopensdk/platform/tools/gcc-arm-none-eabi-10.3-2021.10/bin/../lib/gcc/arm-none-eabi/10.3.1/../../../../arm-none-eabi/lib/thumb/v8-m.main+fp/hard\libc.a),c:/users/naman/tuyaopenide/tuyaopensdk/platform/tools/gcc-arm-none-eabi-10.3-2021.10/bin/../lib/gcc/arm-none-eabi/10.3.1/../../../../arm-none-eabi/lib/thumb/v8-m.main+fp/hard\libc.a
2094,0,2094,1684,410,0,0,2094,`82e,lib_a-gdtoa-gethex.o (ex c:/users/naman/tuyaopenide/tuyaopensdk/platform/tools/gcc-arm-none-eabi-10.3-2021.10/bin/../lib/gcc/arm-none-eabi/10.3.1/../../../../arm-none-eabi/lib/thumb/v8-m.main+fp/hard\libc.a),c:/users/naman/tuyaopenide/tuyaopensdk/platform/tools/gcc-arm-none-eabi-10.3-2021.10/bin/../lib/gcc/arm-none-eabi/10.3.1/../../../../arm-none-eabi/lib/thumb/v8-m.main+fp/hard\libc.a
492,0,492,492,0,0,0,492,`1ec,lib_a-gdtoa-hexnan.o (ex c:/users/naman/tuyaopenide/tuyaopensdk/platform/tools/gcc-arm-none-eabi-10.3-2021.10/bin/../lib/gcc/arm-none-eabi/10.3.1/../../../../arm-none-eabi/lib/thumb/v8-m.main+fp/hard\libc.a),c:/users/naman/tuyaopenide/tuyaopensdk/platform/tools/gcc-arm-none-eabi-10.3-2021.10/bin/../lib/gcc/arm-none-eabi/10.3.1/../../../../arm-none-eabi/lib/thumb/v8-m.main+fp/hard\libc.a
8,0,8,8,0,0,0,8,`8,lib_a-iswspace.o (ex c:/users/naman/tuyaopenide/tuyaopensdk/platform/tools/gcc-arm-none-eabi-10.3-2021.10/bin/../lib/gcc/arm-none-eabi/10.3.1/../../../../arm-none-eabi/lib/thumb/v8-m.main+fp/hard\libc.a),c:/users/naman/tuyaopenide/tuyaopensdk/platform/tools/gcc-arm-none-eabi-10.3-2021.10/bin/../lib/gcc/arm-none-eabi/10.3.1/../../../../arm-none-eabi/lib/thumb/v8-m.main+fp/hard\libc.a
24,0,24,24,0,0,0,24,`18,lib_a-iswspace_l.o (ex c:/users/naman/tuyaopenide/tuyaopensdk/platform/tools/gcc-arm-none-eabi-10.3-2021.10/bin/../lib/gcc/arm-none-eabi/10.3.1/../../../../arm-none-eabi/lib/thumb/v8-m.main+fp/hard\libc.a),c:/users/naman/tuyaopenide/tuyaopensdk/platform/tools/gcc-arm-none-eabi-10.3-2021.10/bin/../lib/gcc/arm-none-eabi/10.3.1/../../../../arm-none-eabi/lib/thumb/v8-m.main+fp/hard\libc.a
391,364,27,12,15,364,0,391,`187,lib_a-locale.o (ex c:/users/naman/tuyaopenide/tuyaopensdk/platform/tools/gcc-arm-none-eabi-10.3-2021.10/bin/../lib/gcc/arm-none-eabi/10.3.1/../../../../arm-none-eabi/lib/thumb/v8-m.main+fp/hard\libc.a),c:/users/naman/tuyaopenide/tuyaopensdk/platform/tools/gcc-arm-none-eabi-10.3-2021.10/bin/../lib/gcc/arm-none-eabi/10.3.1/../../../../arm-none-eabi/lib/thumb/v8-m.main+fp/hard\libc.a
8,0,8,8,0,0,0,8,`8,lib_a-localeconv.o (ex c:/users/naman/tuyaopenide/tuyaopensdk/platform/tools/gcc-arm-none-eabi-10.3-2021.10/bin/../lib/gcc/arm-none-eabi/10.3.1/../../../../arm-none-eabi/lib/thumb/v8-m.main+fp/hard\libc.a),c:/users/naman/tuyaopenide/tuyaopensdk/platform/tools/gcc-arm-none-eabi-10.3-2021.10/bin/../lib/gcc/arm-none-eabi/10.3.1/../../../../arm-none-eabi/lib/thumb/v8-m.main+fp/hard\libc.a
44,0,44,44,0,0,0,44,`2c,lib_a-lseekr.o (ex c:/users/naman/tuyaopenide/tuyaopensdk/platform/tools/gcc-arm-none-eabi-10.3-2021.10/bin/../lib/gcc/arm-none-eabi/10.3.1/../../../../arm-none-eabi/lib/thumb/v8-m.main+fp/hard\libc.a),c:/users/naman/tuyaopenide/tuyaopensdk/platform/tools/gcc-arm-none-eabi-10.3-2021.10/bin/../lib/gcc/arm-none-eabi/10.3.1/../../../../arm-none-eabi/lib/thumb/v8-m.main+fp/hard\libc.a
69,0,69,68,1,0,0,69,`45,lib_a-mbrtowc.o (ex c:/users/naman/tuyaopenide/tuyaopensdk/platform/tools/gcc-arm-none-eabi-10.3-2021.10/bin/../lib/gcc/arm-none-eabi/10.3.1/../../../../arm-none-eabi/lib/thumb/v8-m.main+fp/hard\libc.a),c:/users/naman/tuyaopenide/tuyaopensdk/platform/tools/gcc-arm-none-eabi-10.3-2021.10/bin/../lib/gcc/arm-none-eabi/10.3.1/../../../../arm-none-eabi/lib/thumb/v8-m.main+fp/hard\libc.a
44,0,44,44,0,0,0,44,`2c,lib_a-mbtowc_r.o (ex c:/users/naman/tuyaopenide/tuyaopensdk/platform/tools/gcc-arm-none-eabi-10.3-2021.10/bin/../lib/gcc/arm-none-eabi/10.3.1/../../../../arm-none-eabi/lib/thumb/v8-m.main+fp/hard\libc.a),c:/users/naman/tuyaopenide/tuyaopensdk/platform/tools/gcc-arm-none-eabi-10.3-2021.10/bin/../lib/gcc/arm-none-eabi/10.3.1/../../../../arm-none-eabi/lib/thumb/v8-m.main+fp/hard\libc.a
3055,0,3055,2656,399,0,0,3055,`bef,lib_a-mprec.o (ex c:/users/naman/tuyaopenide/tuyaopensdk/platform/tools/gcc-arm-none-eabi-10.3-2021.10/bin/../lib/gcc/arm-none-eabi/10.3.1/../../../../arm-none-eabi/lib/thumb/v8-m.main+fp/hard\libc.a),c:/users/naman/tuyaopenide/tuyaopensdk/platform/tools/gcc-arm-none-eabi-10.3-2021.10/bin/../lib/gcc/arm-none-eabi/10.3.1/../../../../arm-none-eabi/lib/thumb/v8-m.main+fp/hard\libc.a
116,0,116,116,0,0,0,116,`74,lib_a-putc.o (ex c:/users/naman/tuyaopenide/tuyaopensdk/platform/tools/gcc-arm-none-eabi-10.3-2021.10/bin/../lib/gcc/arm-none-eabi/10.3.1/../../../../arm-none-eabi/lib/thumb/v8-m.main+fp/hard\libc.a),c:/users/naman/tuyaopenide/tuyaopensdk/platform/tools/gcc-arm-none-eabi-10.3-2021.10/bin/../lib/gcc/arm-none-eabi/10.3.1/../../../../arm-none-eabi/lib/thumb/v8-m.main+fp/hard\libc.a
44,0,44,44,0,0,0,44,`2c,lib_a-readr.o (ex c:/users/naman/tuyaopenide/tuyaopensdk/platform/tools/gcc-arm-none-eabi-10.3-2021.10/bin/../lib/gcc/arm-none-eabi/10.3.1/../../../../arm-none-eabi/lib/thumb/v8-m.main+fp/hard\libc.a),c:/users/naman/tuyaopenide/tuyaopensdk/platform/tools/gcc-arm-none-eabi-10.3-2021.10/bin/../lib/gcc/arm-none-eabi/10.3.1/../../../../arm-none-eabi/lib/thumb/v8-m.main+fp/hard\libc.a
16,0,16,16,0,0,0,16,`10,lib_a-s_nan.o (ex c:/users/naman/tuyaopenide/tuyaopensdk/platform/tools/gcc-arm-none-eabi-10.3-2021.10/bin/../lib/gcc/arm-none-eabi/10.3.1/../../../../arm-none-eabi/lib/thumb/v8-m.main+fp/hard\libc.a),c:/users/naman/tuyaopenide/tuyaopensdk/platform/tools/gcc-arm-none-eabi-10.3-2021.10/bin/../lib/gcc/arm-none-eabi/10.3.1/../../../../arm-none-eabi/lib/thumb/v8-m.main+fp/hard\libc.a
144,0,144,144,0,0,0,144,`90,lib_a-sccl.o (ex c:/users/naman/tuyaopenide/tuyaopensdk/platform/tools/gcc-arm-none-eabi-10.3-2021.10/bin/../lib/gcc/arm-none-eabi/10.3.1/../../../../arm-none-eabi/lib/thumb/v8-m.main+fp/hard\libc.a),c:/users/naman/tuyaopenide/tuyaopensdk/platform/tools/gcc-arm-none-eabi-10.3-2021.10/bin/../lib/gcc/arm-none-eabi/10.3.1/../../../../arm-none-eabi/lib/thumb/v8-m.main+fp/hard\libc.a
12,0,12,12,0,0,0,12,`c,lib_a-sf_nan.o (ex c:/users/naman/tuyaopenide/tuyaopensdk/platform/tools/gcc-arm-none-eabi-10.3-2021.10/bin/../lib/gcc/arm-none-eabi/10.3.1/../../../../arm-none-eabi/lib/thumb/v8-m.main+fp/hard\libc.a),c:/users/naman/tuyaopenide/tuyaopensdk/platform/tools/gcc-arm-none-eabi-10.3-2021.10/bin/../lib/gcc/arm-none-eabi/10.3.1/../../../../arm-none-eabi/lib/thumb/v8-m.main+fp/hard\libc.a
36,0,36,36,0,0,0,36,`24,lib_a-strnlen.o (ex c:/users/naman/tuyaopenide/tuyaopensdk/platform/tools/gcc-arm-none-eabi-10.3-2021.10/bin/../lib/gcc/arm-none-eabi/10.3.1/../../../../arm-none-eabi/lib/thumb/v8-m.main+fp/hard\libc.a),c:/users/naman/tuyaopenide/tuyaopensdk/platform/tools/gcc-arm-none-eabi-10.3-2021.10/bin/../lib/gcc/arm-none-eabi/10.3.1/../../../../arm-none-eabi/lib/thumb/v8-m.main+fp/hard\libc.a
352,0,352,352,0,0,0,352,`160,lib_a-strtoll.o (ex c:/users/naman/tuyaopenide/tuyaopensdk/platform/tools/gcc-arm-none-eabi-10.3-2021.10/bin/../lib/gcc/arm-none-eabi/10.3.1/../../../../arm-none-eabi/lib/thumb/v8-m.main+fp/hard\libc.a),c:/users/naman/tuyaopenide/tuyaopensdk/platform/tools/gcc-arm-none-eabi-10.3-2021.10/bin/../lib/gcc/arm-none-eabi/10.3.1/../../../../arm-none-eabi/lib/thumb/v8-m.main+fp/hard\libc.a
380,0,380,380,0,0,0,380,`17c,lib_a-strtoull.o (ex c:/users/naman/tuyaopenide/tuyaopensdk/platform/tools/gcc-arm-none-eabi-10.3-2021.10/bin/../lib/gcc/arm-none-eabi/10.3.1/../../../../arm-none-eabi/lib/thumb/v8-m.main+fp/hard\libc.a),c:/users/naman/tuyaopenide/tuyaopensdk/platform/tools/gcc-arm-none-eabi-10.3-2021.10/bin/../lib/gcc/arm-none-eabi/10.3.1/../../../../arm-none-eabi/lib/thumb/v8-m.main+fp/hard\libc.a
372,0,372,372,0,0,0,372,`174,lib_a-svfiscanf.o (ex c:/users/naman/tuyaopenide/tuyaopensdk/platform/tools/gcc-arm-none-eabi-10.3-2021.10/bin/../lib/gcc/arm-none-eabi/10.3.1/../../../../arm-none-eabi/lib/thumb/v8-m.main+fp/hard\libc.a),c:/users/naman/tuyaopenide/tuyaopensdk/platform/tools/gcc-arm-none-eabi-10.3-2021.10/bin/../lib/gcc/arm-none-eabi/10.3.1/../../../../arm-none-eabi/lib/thumb/v8-m.main+fp/hard\libc.a
120,0,120,120,0,0,0,120,`78,lib_a-ungetc.o (ex c:/users/naman/tuyaopenide/tuyaopensdk/platform/tools/gcc-arm-none-eabi-10.3-2021.10/bin/../lib/gcc/arm-none-eabi/10.3.1/../../../../arm-none-eabi/lib/thumb/v8-m.main+fp/hard\libc.a),c:/users/naman/tuyaopenide/tuyaopensdk/platform/tools/gcc-arm-none-eabi-10.3-2021.10/bin/../lib/gcc/arm-none-eabi/10.3.1/../../../../arm-none-eabi/lib/thumb/v8-m.main+fp/hard\libc.a
176,0,176,176,0,0,0,176,`b0,lib_a-wbuf.o (ex c:/users/naman/tuyaopenide/tuyaopensdk/platform/tools/gcc-arm-none-eabi-10.3-2021.10/bin/../lib/gcc/arm-none-eabi/10.3.1/../../../../arm-none-eabi/lib/thumb/v8-m.main+fp/hard\libc.a),c:/users/naman/tuyaopenide/tuyaopensdk/platform/tools/gcc-arm-none-eabi-10.3-2021.10/bin/../lib/gcc/arm-none-eabi/10.3.1/../../../../arm-none-eabi/lib/thumb/v8-m.main+fp/hard\libc.a
28,0,28,28,0,0,0,28,`1c,lib_a-wctomb_r.o (ex c:/users/naman/tuyaopenide/tuyaopensdk/platform/tools/gcc-arm-none-eabi-10.3-2021.10/bin/../lib/gcc/arm-none-eabi/10.3.1/../../../../arm-none-eabi/lib/thumb/v8-m.main+fp/hard\libc.a),c:/users/naman/tuyaopenide/tuyaopensdk/platform/tools/gcc-arm-none-eabi-10.3-2021.10/bin/../lib/gcc/arm-none-eabi/10.3.1/../../../../arm-none-eabi/lib/thumb/v8-m.main+fp/hard\libc.a
212,0,212,212,0,0,0,212,`d4,lib_a-wsetup.o (ex c:/users/naman/tuyaopenide/tuyaopensdk/platform/tools/gcc-arm-none-eabi-10.3-2021.10/bin/../lib/gcc/arm-none-eabi/10.3.1/../../../../arm-none-eabi/lib/thumb/v8-m.main+fp/hard\libc.a),c:/users/naman/tuyaopenide/tuyaopensdk/platform/tools/gcc-arm-none-eabi-10.3-2021.10/bin/../lib/gcc/arm-none-eabi/10.3.1/../../../../arm-none-eabi/lib/thumb/v8-m.main+fp/hard\libc.a
108,0,108,108,0,0,0,108,`6c,lib_a-callocr.o (ex c:/users/naman/tuyaopenide/tuyaopensdk/platform/tools/gcc-arm-none-eabi-10.3-2021.10/bin/../lib/gcc/arm-none-eabi/10.3.1/../../../../arm-none-eabi/lib/thumb/v8-m.main+fp/hard\libc.a),c:/users/naman/tuyaopenide/tuyaopensdk/platform/tools/gcc-arm-none-eabi-10.3-2021.10/bin/../lib/gcc/arm-none-eabi/10.3.1/../../../../arm-none-eabi/lib/thumb/v8-m.main+fp/hard\libc.a
420,0,420,420,0,0,0,420,`1a4,lib_a-fflush.o (ex c:/users/naman/tuyaopenide/tuyaopensdk/platform/tools/gcc-arm-none-eabi-10.3-2021.10/bin/../lib/gcc/arm-none-eabi/10.3.1/../../../../arm-none-eabi/lib/thumb/v8-m.main+fp/hard\libc.a),c:/users/naman/tuyaopenide/tuyaopensdk/platform/tools/gcc-arm-none-eabi-10.3-2021.10/bin/../lib/gcc/arm-none-eabi/10.3.1/../../../../arm-none-eabi/lib/thumb/v8-m.main+fp/hard\libc.a
308,0,308,308,0,0,0,308,`134,lib_a-findfp.o (ex c:/users/naman/tuyaopenide/tuyaopensdk/platform/tools/gcc-arm-none-eabi-10.3-2021.10/bin/../lib/gcc/arm-none-eabi/10.3.1/../../../../arm-none-eabi/lib/thumb/v8-m.main+fp/hard\libc.a),c:/users/naman/tuyaopenide/tuyaopensdk/platform/tools/gcc-arm-none-eabi-10.3-2021.10/bin/../lib/gcc/arm-none-eabi/10.3.1/../../../../arm-none-eabi/lib/thumb/v8-m.main+fp/hard\libc.a
68,0,68,68,0,0,0,68,`44,lib_a-fwalk.o (ex c:/users/naman/tuyaopenide/tuyaopensdk/platform/tools/gcc-arm-none-eabi-10.3-2021.10/bin/../lib/gcc/arm-none-eabi/10.3.1/../../../../arm-none-eabi/lib/thumb/v8-m.main+fp/hard\libc.a),c:/users/naman/tuyaopenide/tuyaopensdk/platform/tools/gcc-arm-none-eabi-10.3-2021.10/bin/../lib/gcc/arm-none-eabi/10.3.1/../../../../arm-none-eabi/lib/thumb/v8-m.main+fp/hard\libc.a
16,2,16,16,0,0,2,18,`12,lib_a-lock.o (ex c:/users/naman/tuyaopenide/tuyaopensdk/platform/tools/gcc-arm-none-eabi-10.3-2021.10/bin/../lib/gcc/arm-none-eabi/10.3.1/../../../../arm-none-eabi/lib/thumb/v8-m.main+fp/hard\libc.a),c:/users/naman/tuyaopenide/tuyaopensdk/platform/tools/gcc-arm-none-eabi-10.3-2021.10/bin/../lib/gcc/arm-none-eabi/10.3.1/../../../../arm-none-eabi/lib/thumb/v8-m.main+fp/hard\libc.a
224,0,224,224,0,0,0,224,`e0,lib_a-makebuf.o (ex c:/users/naman/tuyaopenide/tuyaopensdk/platform/tools/gcc-arm-none-eabi-10.3-2021.10/bin/../lib/gcc/arm-none-eabi/10.3.1/../../../../arm-none-eabi/lib/thumb/v8-m.main+fp/hard\libc.a),c:/users/naman/tuyaopenide/tuyaopensdk/platform/tools/gcc-arm-none-eabi-10.3-2021.10/bin/../lib/gcc/arm-none-eabi/10.3.1/../../../../arm-none-eabi/lib/thumb/v8-m.main+fp/hard\libc.a
204,0,204,204,0,0,0,204,`cc,lib_a-fclose.o (ex c:/users/naman/tuyaopenide/tuyaopensdk/platform/tools/gcc-arm-none-eabi-10.3-2021.10/bin/../lib/gcc/arm-none-eabi/10.3.1/../../../../arm-none-eabi/lib/thumb/v8-m.main+fp/hard\libc.a),c:/users/naman/tuyaopenide/tuyaopensdk/platform/tools/gcc-arm-none-eabi-10.3-2021.10/bin/../lib/gcc/arm-none-eabi/10.3.1/../../../../arm-none-eabi/lib/thumb/v8-m.main+fp/hard\libc.a
44,0,44,44,0,0,0,44,`2c,lib_a-fstatr.o (ex c:/users/naman/tuyaopenide/tuyaopensdk/platform/tools/gcc-arm-none-eabi-10.3-2021.10/bin/../lib/gcc/arm-none-eabi/10.3.1/../../../../arm-none-eabi/lib/thumb/v8-m.main+fp/hard\libc.a),c:/users/naman/tuyaopenide/tuyaopensdk/platform/tools/gcc-arm-none-eabi-10.3-2021.10/bin/../lib/gcc/arm-none-eabi/10.3.1/../../../../arm-none-eabi/lib/thumb/v8-m.main+fp/hard\libc.a
36,0,36,36,0,0,0,36,`24,lib_a-isattyr.o (ex c:/users/naman/tuyaopenide/tuyaopensdk/platform/tools/gcc-arm-none-eabi-10.3-2021.10/bin/../lib/gcc/arm-none-eabi/10.3.1/../../../../arm-none-eabi/lib/thumb/v8-m.main+fp/hard\libc.a),c:/users/naman/tuyaopenide/tuyaopensdk/platform/tools/gcc-arm-none-eabi-10.3-2021.10/bin/../lib/gcc/arm-none-eabi/10.3.1/../../../../arm-none-eabi/lib/thumb/v8-m.main+fp/hard\libc.a
257,0,257,0,257,0,0,257,`101,lib_a-ctype_.o (ex c:/users/naman/tuyaopenide/tuyaopensdk/platform/tools/gcc-arm-none-eabi-10.3-2021.10/bin/../lib/gcc/arm-none-eabi/10.3.1/../../../../arm-none-eabi/lib/thumb/v8-m.main+fp/hard\libc.a),c:/users/naman/tuyaopenide/tuyaopensdk/platform/tools/gcc-arm-none-eabi-10.3-2021.10/bin/../lib/gcc/arm-none-eabi/10.3.1/../../../../arm-none-eabi/lib/thumb/v8-m.main+fp/hard\libc.a
19,2,17,0,17,2,0,19,`13,lib_a-lnumeric.o (ex c:/users/naman/tuyaopenide/tuyaopensdk/platform/tools/gcc-arm-none-eabi-10.3-2021.10/bin/../lib/gcc/arm-none-eabi/10.3.1/../../../../arm-none-eabi/lib/thumb/v8-m.main+fp/hard\libc.a),c:/users/naman/tuyaopenide/tuyaopensdk/platform/tools/gcc-arm-none-eabi-10.3-2021.10/bin/../lib/gcc/arm-none-eabi/10.3.1/../../../../arm-none-eabi/lib/thumb/v8-m.main+fp/hard\libc.a
1068,1068,0,0,0,1068,0,1068,`42c,lib_a-impure.o (ex c:/users/naman/tuyaopenide/tuyaopensdk/platform/tools/gcc-arm-none-eabi-10.3-2021.10/bin/../lib/gcc/arm-none-eabi/10.3.1/../../../../arm-none-eabi/lib/thumb/v8-m.main+fp/hard\libc.a),c:/users/naman/tuyaopenide/tuyaopensdk/platform/tools/gcc-arm-none-eabi-10.3-2021.10/bin/../lib/gcc/arm-none-eabi/10.3.1/../../../../arm-none-eabi/lib/thumb/v8-m.main+fp/hard\libc.a
27370,1436,25936,24664,1272,1434,2,27372,`6aec,c:/users/naman/tuyaopenide/tuyaopensdk/platform/tools/gcc-arm-none-eabi-10.3-2021.10/bin/../lib/gcc/arm-none-eabi/10.3.1/../../../../arm-none-eabi/lib/thumb/v8-m.main+fp/hard\libc.a,c:/users/naman/tuyaopenide/tuyaopensdk/platform/tools/gcc-arm-none-eabi-10.3-2021.10/bin/../lib/gcc/arm-none-eabi/10.3.1/../../../../arm-none-eabi/lib/thumb/v8-m.main+fp/hard\libc.a
2812,96,2812,1912,900,0,96,2908,`b5c,trap_base.c.obj (ex armino/cm33/libcm33.a),armino/cm33/libcm33.a
511,16,511,448,63,0,16,527,`20f,mpu.c.obj (ex armino/cm33/libcm33.a),armino/cm33/libcm33.a
285,0,285,148,137,0,0,285,`11d,stack_base.c.obj (ex armino/cm33/libcm33.a),armino/cm33/libcm33.a
76,0,76,76,0,0,0,76,`4c,arm.c.obj (ex armino/cm33/libcm33.a),armino/cm33/libcm33.a
250,256,250,250,0,0,256,506,`1fa,arch_interrupt.c.obj (ex armino/cm33/libcm33.a),armino/cm33/libcm33.a
3934,368,3934,2834,1100,0,368,4302,`10ce,armino/cm33/libcm33.a,armino/cm33/libcm33.a
302,5,302,232,70,0,5,307,`133,reset_reason.c.obj (ex armino/driver/libdriver.a),armino/driver/libdriver.a
296,0,296,296,0,0,0,296,`128,sys_driver.c.obj (ex armino/driver/libdriver.a),armino/driver/libdriver.a
78,0,78,38,40,0,0,78,`4e,sys_driver_common.c.obj (ex armino/driver/libdriver.a),armino/driver/libdriver.a
832,46,823,700,123,9,37,869,`365,wdt_driver.c.obj (ex armino/driver/libdriver.a),armino/driver/libdriver.a
94,0,94,94,0,0,0,94,`5e,aon_pmu_driver.c.obj (ex armino/driver/libdriver.a),armino/driver/libdriver.a
4503,458,4494,3160,1334,9,449,4952,`1358,gpio_driver_base.c.obj (ex armino/driver/libdriver.a),armino/driver/libdriver.a
2273,76,2273,1876,397,0,76,2349,`92d,aon_rtc_driver_64bit.c.obj (ex armino/driver/libdriver.a),armino/driver/libdriver.a
690,48,690,660,30,0,48,738,`2e2,amp_res_lock.c.obj (ex armino/driver/libdriver.a),armino/driver/libdriver.a
608,4,608,564,44,0,4,612,`264,gpio_driver.c.obj (ex armino/driver/libdriver.a),armino/driver/libdriver.a
478,1,478,478,0,0,1,479,`1df,sys_ps_driver.c.obj (ex armino/driver/libdriver.a),armino/driver/libdriver.a
160,0,160,160,0,0,0,160,`a0,sys_int_driver.c.obj (ex armino/driver/libdriver.a),armino/driver/libdriver.a
270,0,270,270,0,0,0,270,`10e,sys_clock_driver.c.obj (ex armino/driver/libdriver.a),armino/driver/libdriver.a
348,0,348,92,256,0,0,348,`15c,interrupt_base.c.obj (ex armino/driver/libdriver.a),armino/driver/libdriver.a
1188,57,1188,1110,78,0,57,1245,`4dd,timer_driver.c.obj (ex armino/driver/libdriver.a),armino/driver/libdriver.a
1508,40,1496,1244,252,12,28,1536,`600,rosc_32k.c.obj (ex armino/driver/libdriver.a),armino/driver/libdriver.a
1138,124,1138,1070,68,0,124,1262,`4ee,mb_ipc_cmd.c.obj (ex armino/driver/libdriver.a),armino/driver/libdriver.a
152,0,152,152,0,0,0,152,`98,mb_chnl_buff.c.obj (ex armino/driver/libdriver.a),armino/driver/libdriver.a
1780,0,1780,1780,0,0,0,1780,`6f4,interrupt.c.obj (ex armino/driver/libdriver.a),armino/driver/libdriver.a
400,21,400,400,0,0,21,421,`1a5,ckmn_driver.c.obj (ex armino/driver/libdriver.a),armino/driver/libdriver.a
2367,669,2367,2068,299,0,669,3036,`bdc,dma_driver.c.obj (ex armino/driver/libdriver.a),armino/driver/libdriver.a
1611,713,1611,1596,15,0,713,2324,`914,mailbox_channel.c.obj (ex armino/driver/libdriver.a),armino/driver/libdriver.a
268,111,268,268,0,0,111,379,`17b,mbox0_adapter.c.obj (ex armino/driver/libdriver.a),armino/driver/libdriver.a
372,25,372,348,24,0,25,397,`18d,mbox0_drv.c.obj (ex armino/driver/libdriver.a),armino/driver/libdriver.a
104,0,104,104,0,0,0,104,`68,driver.c.obj (ex armino/driver/libdriver.a),armino/driver/libdriver.a
104,0,104,104,0,0,0,104,`68,sys_bt_driver.c.obj (ex armino/driver/libdriver.a),armino/driver/libdriver.a
566,0,566,566,0,0,0,566,`236,sys_wifi_driver.c.obj (ex armino/driver/libdriver.a),armino/driver/libdriver.a
96,380,96,96,0,0,380,476,`1dc,drv_model.c.obj (ex armino/driver/libdriver.a),armino/driver/libdriver.a
4499,225,4367,3980,387,132,93,4592,`11f0,uart_driver.c.obj (ex armino/driver/libdriver.a),armino/driver/libdriver.a
4522,0,4522,4404,118,0,0,4522,`11aa,printf.c.obj (ex armino/driver/libdriver.a),armino/driver/libdriver.a
2324,86,2320,2016,304,4,82,2406,`966,adc_driver.c.obj (ex armino/driver/libdriver.a),armino/driver/libdriver.a
28,16,28,28,0,0,16,44,`2c,adc_statis.c.obj (ex armino/driver/libdriver.a),armino/driver/libdriver.a
1311,73,1311,1300,11,0,73,1384,`568,saradc_server.c.obj (ex armino/driver/libdriver.a),armino/driver/libdriver.a
216,4,216,216,0,0,4,220,`dc,saradc_notify.c.obj (ex armino/driver/libdriver.a),armino/driver/libdriver.a
1833,38,1825,1650,175,8,30,1863,`747,pwr_clk.c.obj (ex armino/driver/libdriver.a),armino/driver/libdriver.a
1339,4,1339,1020,319,0,4,1343,`53f,low_pwr_core.c.obj (ex armino/driver/libdriver.a),armino/driver/libdriver.a
229,8,229,220,9,0,8,237,`ed,low_pwr_misc.c.obj (ex armino/driver/libdriver.a),armino/driver/libdriver.a
48,4,44,44,0,4,0,48,`30,aon_wdt_driver.c.obj (ex armino/driver/libdriver.a),armino/driver/libdriver.a
44,9,44,44,0,0,9,53,`35,efuse_driver.c.obj (ex armino/driver/libdriver.a),armino/driver/libdriver.a
156,13,156,156,0,0,13,169,`a9,trng_driver.c.obj (ex armino/driver/libdriver.a),armino/driver/libdriver.a
903,0,903,412,491,0,0,903,`387,flash_partition.c.obj (ex armino/driver/libdriver.a),armino/driver/libdriver.a
3134,25,3134,2276,858,0,25,3159,`c57,flash_driver.c.obj (ex armino/driver/libdriver.a),armino/driver/libdriver.a
4075,1545,4075,2056,2019,0,1545,5620,`15f4,flash_server.c.obj (ex armino/driver/libdriver.a),armino/driver/libdriver.a
1077,14,1077,646,431,0,14,1091,`443,psram_driver.c.obj (ex armino/driver/libdriver.a),armino/driver/libdriver.a
56,128,56,56,0,0,128,184,`b8,touch_driver_v1_1.c.obj (ex armino/driver/libdriver.a),armino/driver/libdriver.a
2276,13,2276,1832,444,0,13,2289,`8f1,otp_driver_v1_1.c.obj (ex armino/driver/libdriver.a),armino/driver/libdriver.a
4890,1753,4482,3936,546,408,1345,6235,`185b,mb_ipc.c.obj (ex armino/driver/libdriver.a),armino/driver/libdriver.a
1003,16,1001,808,193,2,14,1017,`3f9,mb_ipc_heartbeat.c.obj (ex armino/driver/libdriver.a),armino/driver/libdriver.a
3389,4,3389,2320,1069,0,4,3393,`d41,bk_api_ipc.c.obj (ex armino/driver/libdriver.a),armino/driver/libdriver.a
813,4,813,542,271,0,4,817,`331,bk_api_ipc_test.c.obj (ex armino/driver/libdriver.a),armino/driver/libdriver.a
48,4,44,44,0,4,0,48,`30,sdmadc_driver.c.obj (ex armino/driver/libdriver.a),armino/driver/libdriver.a
5499,23,5499,3962,1537,0,23,5522,`1592,flash_bypass.c.obj (ex armino/driver/libdriver.a),armino/driver/libdriver.a
240,5,240,240,0,0,5,245,`f5,flash_notify.c.obj (ex armino/driver/libdriver.a),armino/driver/libdriver.a
246,0,246,220,26,0,0,246,`f6,flash_driver_ext.c.obj (ex armino/driver/libdriver.a),armino/driver/libdriver.a
84,0,84,84,0,0,0,84,`54,sys_psram_driver.c.obj (ex armino/driver/libdriver.a),armino/driver/libdriver.a
66868,6792,66276,54038,12238,592,6200,73068,`11d6c,armino/driver/libdriver.a,armino/driver/libdriver.a
478,0,478,478,0,0,0,478,`1de,timer_hal.c.obj (ex armino/common/libcommon.a),armino/common/libcommon.a
555,0,555,518,37,0,0,555,`22b,dma_hal.c.obj (ex armino/common/libcommon.a),armino/common/libcommon.a
228,0,228,224,4,0,0,228,`e4,wdt_hal.c.obj (ex armino/common/libcommon.a),armino/common/libcommon.a
3297,4,3297,2036,1261,0,4,3301,`ce5,gpio_hal.c.obj (ex armino/common/libcommon.a),armino/common/libcommon.a
1186,0,1186,1090,96,0,0,1186,`4a2,mbox0_hal.c.obj (ex armino/common/libcommon.a),armino/common/libcommon.a
300,0,300,300,0,0,0,300,`12c,aon_rtc_hal_64bit.c.obj (ex armino/common/libcommon.a),armino/common/libcommon.a
208,0,208,208,0,0,0,208,`d0,ckmn_hal.c.obj (ex armino/common/libcommon.a),armino/common/libcommon.a
476,0,476,476,0,0,0,476,`1dc,adc_hal.c.obj (ex armino/common/libcommon.a),armino/common/libcommon.a
330,0,330,330,0,0,0,330,`14a,uart_hal.c.obj (ex armino/common/libcommon.a),armino/common/libcommon.a
50,0,50,50,0,0,0,50,`32,aon_wdt_hal.c.obj (ex armino/common/libcommon.a),armino/common/libcommon.a
20,0,20,20,0,0,0,20,`14,flash_hal.c.obj (ex armino/common/libcommon.a),armino/common/libcommon.a
60,0,60,60,0,0,0,60,`3c,efuse_hal.c.obj (ex armino/common/libcommon.a),armino/common/libcommon.a
80,0,80,80,0,0,0,80,`50,trng_hal.c.obj (ex armino/common/libcommon.a),armino/common/libcommon.a
836,0,836,836,0,0,0,836,`344,psram_hal.c.obj (ex armino/common/libcommon.a),armino/common/libcommon.a
80,0,80,80,0,0,0,80,`50,otp_hal.c.obj (ex armino/common/libcommon.a),armino/common/libcommon.a
8184,4,8184,6786,1398,0,4,8188,`1ffc,armino/common/libcommon.a,armino/common/libcommon.a
6525,1109,5617,4974,643,908,201,6726,`1a46,pm.c.obj (ex armino/bk_pm/libbk_pm.a),armino/bk_pm/libbk_pm.a
194,8,194,160,34,0,8,202,`ca,low_vol.c.obj (ex armino/bk_pm/libbk_pm.a),armino/bk_pm/libbk_pm.a
302,1,301,182,119,1,0,302,`12e,pm_misc.c.obj (ex armino/bk_pm/libbk_pm.a),armino/bk_pm/libbk_pm.a
7021,1118,6112,5316,796,909,209,7230,`1c3e,armino/bk_pm/libbk_pm.a,armino/bk_pm/libbk_pm.a
1172,75,1171,1090,81,1,74,1246,`4de,printf.c.obj (ex armino/bk_system/libbk_system.a),armino/bk_system/libbk_system.a
70,4,70,70,0,0,4,74,`4a,reboot.c.obj (ex armino/bk_system/libbk_system.a),armino/bk_system/libbk_system.a
54,0,54,54,0,0,0,54,`36,delay.c.obj (ex armino/bk_system/libbk_system.a),armino/bk_system/libbk_system.a
52,0,52,52,0,0,0,52,`34,tick.c.obj (ex armino/bk_system/libbk_system.a),armino/bk_system/libbk_system.a
175,2,174,174,0,1,1,176,`b0,printf_base.c.obj (ex armino/bk_system/libbk_system.a),armino/bk_system/libbk_system.a
1337,8,1330,876,454,7,1,1338,`53a,mac.c.obj (ex armino/bk_system/libbk_system.a),armino/bk_system/libbk_system.a
96,0,96,48,48,0,0,96,`60,bk_system_at.c.obj (ex armino/bk_system/libbk_system.a),armino/bk_system/libbk_system.a
2956,89,2947,2364,583,9,80,3036,`bdc,armino/bk_system/libbk_system.a,armino/bk_system/libbk_system.a
188,1,188,188,0,0,1,189,`bd,ate.c.obj (ex armino/bk_ate/libbk_ate.a),armino/bk_ate/libbk_ate.a
188,1,188,188,0,0,1,189,`bd,armino/bk_ate/libbk_ate.a,armino/bk_ate/libbk_ate.a
372,4,372,284,88,0,4,376,`178,components_init.c.obj (ex armino/bk_init/libbk_init.a),armino/bk_init/libbk_init.a
307,0,307,258,49,0,0,307,`133,bk_init.c.obj (ex armino/bk_init/libbk_init.a),armino/bk_init/libbk_init.a
679,4,679,542,137,0,4,683,`2ab,armino/bk_init/libbk_init.a,armino/bk_init/libbk_init.a
2616,19,2614,2016,598,2,17,2633,`a49,cli_main.c.obj (ex armino/bk_cli/libbk_cli.a),armino/bk_cli/libbk_cli.a
1269,16,1269,1032,237,0,16,1285,`505,cli_pwr.c.obj (ex armino/bk_cli/libbk_cli.a),armino/bk_cli/libbk_cli.a
7616,29,7616,5096,2520,0,29,7645,`1ddd,cli_wifi.c.obj (ex armino/bk_cli/libbk_cli.a),armino/bk_cli/libbk_cli.a
779,0,779,128,651,0,0,779,`30b,cli_phy.c.obj (ex armino/bk_cli/libbk_cli.a),armino/bk_cli/libbk_cli.a
41,0,41,12,29,0,0,41,`29,cli_iperf.c.obj (ex armino/bk_cli/libbk_cli.a),armino/bk_cli/libbk_cli.a
1119,0,1119,656,463,0,0,1119,`45f,cli_netif.c.obj (ex armino/bk_cli/libbk_cli.a),armino/bk_cli/libbk_cli.a
13452,9471,6445,5992,453,7007,2464,15916,`3e2c,shell_task.c.obj (ex armino/bk_cli/libbk_cli.a),armino/bk_cli/libbk_cli.a
1514,380,1134,1090,44,380,0,1514,`5ea,shell_uart.c.obj (ex armino/bk_cli/libbk_cli.a),armino/bk_cli/libbk_cli.a
296,24,272,248,24,24,0,296,`128,shell_mailbox_ipc.c.obj (ex armino/bk_cli/libbk_cli.a),armino/bk_cli/libbk_cli.a
2582,12,2582,1982,600,0,12,2594,`a22,cli_psram.c.obj (ex armino/bk_cli/libbk_cli.a),armino/bk_cli/libbk_cli.a
223,0,223,144,79,0,0,223,`df,cli_uid.c.obj (ex armino/bk_cli/libbk_cli.a),armino/bk_cli/libbk_cli.a
38,0,38,12,26,0,0,38,`26,cli_ble.c.obj (ex armino/bk_cli/libbk_cli.a),armino/bk_cli/libbk_cli.a
912,0,912,712,200,0,0,912,`390,cli_event.c.obj (ex armino/bk_cli/libbk_cli.a),armino/bk_cli/libbk_cli.a
32457,9951,25044,19120,5924,7413,2538,34995,`88b3,armino/bk_cli/libbk_cli.a,armino/bk_cli/libbk_cli.a
117,85,32,32,0,85,0,117,`75,mpu_cfg.c.obj (ex armino/bk7258/libbk7258.a),armino/bk7258/libbk7258.a
160,0,160,160,0,0,0,160,`a0,timer_hal.c.obj (ex armino/bk7258/libbk7258.a),armino/bk7258/libbk7258.a
3589,1,3588,3564,24,1,0,3589,`e05,sys_hal.c.obj (ex armino/bk7258/libbk7258.a),armino/bk7258/libbk7258.a
3458,0,3458,3458,0,0,0,3458,`d82,sys_pm_hal.c.obj (ex armino/bk7258/libbk7258.a),armino/bk7258/libbk7258.a
554,0,554,458,96,0,0,554,`22a,aon_pmu_hal.c.obj (ex armino/bk7258/libbk7258.a),armino/bk7258/libbk7258.a
7878,86,7792,7672,120,86,0,7878,`1ec6,armino/bk7258/libbk7258.a,armino/bk7258/libbk7258.a
1860,0,1860,964,896,0,0,1860,`744,bk_phy_adapter.c.obj (ex armino/bk_phy/libbk_phy.a),armino/bk_phy/libbk_phy.a
134,0,134,74,60,0,0,134,`86,bk_rf_adapter.c.obj (ex armino/bk_phy/libbk_phy.a),armino/bk_phy/libbk_phy.a
6,0,6,6,0,0,0,6,`6,bk_phy_api.c.obj (ex armino/bk_phy/libbk_phy.a),armino/bk_phy/libbk_phy.a
70,4,70,70,0,0,4,74,`4a,bk_phy_notify.c.obj (ex armino/bk_phy/libbk_phy.a),armino/bk_phy/libbk_phy.a
484,9,484,476,8,0,9,493,`1ed,bk_phy_server.c.obj (ex armino/bk_phy/libbk_phy.a),armino/bk_phy/libbk_phy.a
2554,13,2554,1590,964,0,13,2567,`a07,armino/bk_phy/libbk_phy.a,armino/bk_phy/libbk_phy.a
389,8,389,380,9,0,8,397,`18d,system_main.c.obj (ex armino/bk_startup/libbk_startup.a),armino/bk_startup/libbk_startup.a
10,0,10,10,0,0,0,10,`a,rtos_init.c.obj (ex armino/bk_startup/libbk_startup.a),armino/bk_startup/libbk_startup.a
399,8,399,390,9,0,8,407,`197,armino/bk_startup/libbk_startup.a,armino/bk_startup/libbk_startup.a
2404,17,2404,1926,478,0,17,2421,`975,event.c.obj (ex armino/bk_event/libbk_event.a),armino/bk_event/libbk_event.a
2404,17,2404,1926,478,0,17,2421,`975,armino/bk_event/libbk_event.a,armino/bk_event/libbk_event.a
867,8,867,552,315,0,8,875,`36b,atsvr_port.c.obj (ex armino/at_server/libat_server.a),armino/at_server/libat_server.a
160,284,160,160,0,0,284,444,`1bc,at_server.c.obj (ex armino/at_server/libat_server.a),armino/at_server/libat_server.a
232,0,232,164,68,0,0,232,`e8,atsvr_core.c.obj (ex armino/at_server/libat_server.a),armino/at_server/libat_server.a
2574,12,2574,1544,1030,0,12,2586,`a1a,_at_server.c.obj (ex armino/at_server/libat_server.a),armino/at_server/libat_server.a
974,0,974,608,366,0,0,974,`3ce,_atsvr_func.c.obj (ex armino/at_server/libat_server.a),armino/at_server/libat_server.a
20,0,20,20,0,0,0,20,`14,at_task.c.obj (ex armino/at_server/libat_server.a),armino/at_server/libat_server.a
4827,304,4827,3048,1779,0,304,5131,`140b,armino/at_server/libat_server.a,armino/at_server/libat_server.a
8,0,8,8,0,0,0,8,`8,bk_uid.c.obj (ex armino/bk_uid/libbk_uid.a),armino/bk_uid/libbk_uid.a
36,0,36,24,12,0,0,36,`24,bk_uid_adaptor.c.obj (ex armino/bk_uid/libbk_uid.a),armino/bk_uid/libbk_uid.a
44,0,44,32,12,0,0,44,`2c,armino/bk_uid/libbk_uid.a,armino/bk_uid/libbk_uid.a
211,0,211,120,91,0,0,211,`d3,cp_main.c.obj (ex armino/cp/libcp.a),armino/cp/libcp.a
250,0,250,152,98,0,0,250,`fa,customer_msg.c.obj (ex armino/cp/libcp.a),armino/cp/libcp.a
461,0,461,272,189,0,0,461,`1cd,armino/cp/libcp.a,armino/cp/libcp.a
280,16,280,280,0,0,16,296,`128,tuya_tkl_ipc.c.obj (ex armino/tuyaos_adapter/libtuyaos_adapter.a),armino/tuyaos_adapter/libtuyaos_adapter.a
294,0,294,294,0,0,0,294,`126,tkl_hci_0.c.obj (ex armino/tuyaos_adapter/libtuyaos_adapter.a),armino/tuyaos_adapter/libtuyaos_adapter.a
369,0,369,314,55,0,0,369,`171,tkl_mutex.c.obj (ex armino/tuyaos_adapter/libtuyaos_adapter.a),armino/tuyaos_adapter/libtuyaos_adapter.a
176,0,176,176,0,0,0,176,`b0,tkl_semaphore.c.obj (ex armino/tuyaos_adapter/libtuyaos_adapter.a),armino/tuyaos_adapter/libtuyaos_adapter.a
482,4,482,342,140,0,4,486,`1e6,tkl_system.c.obj (ex armino/tuyaos_adapter/libtuyaos_adapter.a),armino/tuyaos_adapter/libtuyaos_adapter.a
251,16,251,160,91,0,16,267,`10b,tkl_ipc.c.obj (ex armino/tuyaos_adapter/libtuyaos_adapter.a),armino/tuyaos_adapter/libtuyaos_adapter.a
1852,36,1852,1566,286,0,36,1888,`760,armino/tuyaos_adapter/libtuyaos_adapter.a,armino/tuyaos_adapter/libtuyaos_adapter.a
20544,0,20544,200,20344,0,0,20544,`5040,conv_utf8.c.obj (ex armino/utf8/libutf8.a),armino/utf8/libutf8.a
20544,0,20544,200,20344,0,0,20544,`5040,armino/utf8/libutf8.a,armino/utf8/libutf8.a
8757,4821,3941,3496,445,4816,5,8762,`223a,rtos_pub.c.obj (ex armino/bk_rtos/libbk_rtos.a),armino/bk_rtos/libbk_rtos.a
128,0,128,64,64,0,0,128,`80,rtos_debug.c.obj (ex armino/bk_rtos/libbk_rtos.a),armino/bk_rtos/libbk_rtos.a
1095,0,1095,858,237,0,0,1095,`447,mem_arch.c.obj (ex armino/bk_rtos/libbk_rtos.a),armino/bk_rtos/libbk_rtos.a
196,0,196,186,10,0,0,196,`c4,str_arch.c.obj (ex armino/bk_rtos/libbk_rtos.a),armino/bk_rtos/libbk_rtos.a
213,0,213,126,87,0,0,213,`d5,platform_stub.c.obj (ex armino/bk_rtos/libbk_rtos.a),armino/bk_rtos/libbk_rtos.a
429,4,429,390,39,0,4,433,`1b1,pthread_local_storage.c.obj (ex armino/bk_rtos/libbk_rtos.a),armino/bk_rtos/libbk_rtos.a
174,0,174,174,0,0,0,174,`ae,rtos_ext.c.obj (ex armino/bk_rtos/libbk_rtos.a),armino/bk_rtos/libbk_rtos.a
10992,4825,6176,5294,882,4816,9,11001,`2af9,armino/bk_rtos/libbk_rtos.a,armino/bk_rtos/libbk_rtos.a
132,0,132,132,0,0,0,132,`84,list.c.obj (ex armino/os_source/libos_source.a),armino/os_source/libos_source.a
3437,0,3437,3110,327,0,0,3437,`d6d,queue.c.obj (ex armino/os_source/libos_source.a),armino/os_source/libos_source.a
5590,368,5586,5138,448,4,364,5954,`1742,tasks.c.obj (ex armino/os_source/libos_source.a),armino/os_source/libos_source.a
1448,332,1448,1274,174,0,332,1780,`6f4,timers.c.obj (ex armino/os_source/libos_source.a),armino/os_source/libos_source.a
2883,132,2883,2428,455,0,132,3015,`bc7,heap_4.c.obj (ex armino/os_source/libos_source.a),armino/os_source/libos_source.a
1325,28,1321,1076,245,4,24,1349,`545,port.c.obj (ex armino/os_source/libos_source.a),armino/os_source/libos_source.a
224,0,224,224,0,0,0,224,`e0,portasm.c.obj (ex armino/os_source/libos_source.a),armino/os_source/libos_source.a
15039,860,15031,13382,1649,8,852,15891,`3e13,armino/os_source/libos_source.a,armino/os_source/libos_source.a
4327,328,4327,2034,2293,0,328,4655,`122f,cm_backtrace.c.obj (ex armino/coredump/libcoredump.a),armino/coredump/libcoredump.a
4327,328,4327,2034,2293,0,328,4655,`122f,armino/coredump/libcoredump.a,armino/coredump/libcoredump.a
572,5,572,316,256,0,5,577,`241,bt_main.c.obj (ex armino/bk_bluetooth/libbk_bluetooth.a),armino/bk_bluetooth/libbk_bluetooth.a
222,0,222,196,26,0,0,222,`de,hal_hci_core.c.obj (ex armino/bk_bluetooth/libbk_bluetooth.a),armino/bk_bluetooth/libbk_bluetooth.a
40,8,40,40,0,0,8,48,`30,bt_feature_config.c.obj (ex armino/bk_bluetooth/libbk_bluetooth.a),armino/bk_bluetooth/libbk_bluetooth.a
2375,396,1979,1882,97,396,0,2375,`947,bluetooth.c.obj (ex armino/bk_bluetooth/libbk_bluetooth.a),armino/bk_bluetooth/libbk_bluetooth.a
2188,20,2188,1396,792,0,20,2208,`8a0,bt_ipc_core.c.obj (ex armino/bk_bluetooth/libbk_bluetooth.a),armino/bk_bluetooth/libbk_bluetooth.a
5397,429,5001,3830,1171,396,33,5430,`1536,armino/bk_bluetooth/libbk_bluetooth.a,armino/bk_bluetooth/libbk_bluetooth.a
595,12,595,460,135,0,12,607,`25f,bk_sensor.c.obj (ex armino/temp_detect/libtemp_detect.a),armino/temp_detect/libtemp_detect.a
1790,64,1790,1494,296,0,64,1854,`73e,temp_detect.c.obj (ex armino/temp_detect/libtemp_detect.a),armino/temp_detect/libtemp_detect.a
891,36,891,730,161,0,36,927,`39f,volt_detect.c.obj (ex armino/temp_detect/libtemp_detect.a),armino/temp_detect/libtemp_detect.a
3276,112,3276,2684,592,0,112,3388,`d3c,armino/temp_detect/libtemp_detect.a,armino/temp_detect/libtemp_detect.a
638,65,638,488,150,0,65,703,`2bf,bk_netif.c.obj (ex armino/bk_netif/libbk_netif.a),armino/bk_netif/libbk_netif.a
638,65,638,488,150,0,65,703,`2bf,armino/bk_netif/libbk_netif.a,armino/bk_netif/libbk_netif.a
316,0,316,274,42,0,0,316,`13c,sk_intf.c.obj (ex armino/wpa_supplicant-2.10/libwpa_supplicant-2.10.a),armino/wpa_supplicant-2.10/libwpa_supplicant-2.10.a
2132,56,2128,1734,394,4,52,2184,`888,main_none.c.obj (ex armino/wpa_supplicant-2.10/libwpa_supplicant-2.10.a),armino/wpa_supplicant-2.10/libwpa_supplicant-2.10.a
1751,0,1751,1510,241,0,0,1751,`6d7,ap_config.c.obj (ex armino/wpa_supplicant-2.10/libwpa_supplicant-2.10.a),armino/wpa_supplicant-2.10/libwpa_supplicant-2.10.a
1239,0,1239,1234,5,0,0,1239,`4d7,ap_drv_ops.c.obj (ex armino/wpa_supplicant-2.10/libwpa_supplicant-2.10.a),armino/wpa_supplicant-2.10/libwpa_supplicant-2.10.a
6144,0,6144,5890,254,0,0,6144,`1800,hostapd.c.obj (ex armino/wpa_supplicant-2.10/libwpa_supplicant-2.10.a),armino/wpa_supplicant-2.10/libwpa_supplicant-2.10.a
8315,0,8315,8114,201,0,0,8315,`207b,events.c.obj (ex armino/wpa_supplicant-2.10/libwpa_supplicant-2.10.a),armino/wpa_supplicant-2.10/libwpa_supplicant-2.10.a
11557,0,11557,10994,563,0,0,11557,`2d25,wpa_supplicant.c.obj (ex armino/wpa_supplicant-2.10/libwpa_supplicant-2.10.a),armino/wpa_supplicant-2.10/libwpa_supplicant-2.10.a
2611,0,2611,2480,131,0,0,2611,`a33,hw_features.c.obj (ex armino/wpa_supplicant-2.10/libwpa_supplicant-2.10.a),armino/wpa_supplicant-2.10/libwpa_supplicant-2.10.a
70,0,70,48,22,0,0,70,`46,ieee802_11_auth.c.obj (ex armino/wpa_supplicant-2.10/libwpa_supplicant-2.10.a),armino/wpa_supplicant-2.10/libwpa_supplicant-2.10.a
1068,0,1068,1050,18,0,0,1068,`42c,ieee802_11_ht.c.obj (ex armino/wpa_supplicant-2.10/libwpa_supplicant-2.10.a),armino/wpa_supplicant-2.10/libwpa_supplicant-2.10.a
2526,0,2526,2442,84,0,0,2526,`9de,sta_info.c.obj (ex armino/wpa_supplicant-2.10/libwpa_supplicant-2.10.a),armino/wpa_supplicant-2.10/libwpa_supplicant-2.10.a
86,0,86,86,0,0,0,86,`56,utils.c.obj (ex armino/wpa_supplicant-2.10/libwpa_supplicant-2.10.a),armino/wpa_supplicant-2.10/libwpa_supplicant-2.10.a
9730,0,9730,9478,252,0,0,9730,`2602,wpa_auth.c.obj (ex armino/wpa_supplicant-2.10/libwpa_supplicant-2.10.a),armino/wpa_supplicant-2.10/libwpa_supplicant-2.10.a
1295,0,1295,1186,109,0,0,1295,`50f,wpa_auth_glue.c.obj (ex armino/wpa_supplicant-2.10/libwpa_supplicant-2.10.a),armino/wpa_supplicant-2.10/libwpa_supplicant-2.10.a
1400,0,1400,1360,40,0,0,1400,`578,wpa_auth_ie.c.obj (ex armino/wpa_supplicant-2.10/libwpa_supplicant-2.10.a),armino/wpa_supplicant-2.10/libwpa_supplicant-2.10.a
1006,0,1006,942,64,0,0,1006,`3ee,hw_features_common.c.obj (ex armino/wpa_supplicant-2.10/libwpa_supplicant-2.10.a),armino/wpa_supplicant-2.10/libwpa_supplicant-2.10.a
7660,0,7660,3308,4352,0,0,7660,`1dec,ieee802_11_common.c.obj (ex armino/wpa_supplicant-2.10/libwpa_supplicant-2.10.a),armino/wpa_supplicant-2.10/libwpa_supplicant-2.10.a
4659,0,4659,4638,21,0,0,4659,`1233,wpa_common.c.obj (ex armino/wpa_supplicant-2.10/libwpa_supplicant-2.10.a),armino/wpa_supplicant-2.10/libwpa_supplicant-2.10.a
6141,0,6141,5186,955,0,0,6141,`17fd,wpa_scan.c.obj (ex armino/wpa_supplicant-2.10/libwpa_supplicant-2.10.a),armino/wpa_supplicant-2.10/libwpa_supplicant-2.10.a
3124,0,3124,2934,190,0,0,3124,`c34,bss.c.obj (ex armino/wpa_supplicant-2.10/libwpa_supplicant-2.10.a),armino/wpa_supplicant-2.10/libwpa_supplicant-2.10.a
2676,0,2676,470,2206,0,0,2676,`a74,driver_common.c.obj (ex armino/wpa_supplicant-2.10/libwpa_supplicant-2.10.a),armino/wpa_supplicant-2.10/libwpa_supplicant-2.10.a
1090,16,1074,886,188,16,0,1090,`442,l2_packet_none.c.obj (ex armino/wpa_supplicant-2.10/libwpa_supplicant-2.10.a),armino/wpa_supplicant-2.10/libwpa_supplicant-2.10.a
8228,1,8228,7826,402,0,1,8229,`2025,wpa.c.obj (ex armino/wpa_supplicant-2.10/libwpa_supplicant-2.10.a),armino/wpa_supplicant-2.10/libwpa_supplicant-2.10.a
892,0,892,892,0,0,0,892,`37c,wpa_ie.c.obj (ex armino/wpa_supplicant-2.10/libwpa_supplicant-2.10.a),armino/wpa_supplicant-2.10/libwpa_supplicant-2.10.a
1274,133,1270,1174,96,4,129,1403,`57b,common.c.obj (ex armino/wpa_supplicant-2.10/libwpa_supplicant-2.10.a),armino/wpa_supplicant-2.10/libwpa_supplicant-2.10.a
1064,0,1064,40,1024,0,0,1064,`428,crc32.c.obj (ex armino/wpa_supplicant-2.10/libwpa_supplicant-2.10.a),armino/wpa_supplicant-2.10/libwpa_supplicant-2.10.a
2063,84,2063,1794,269,0,84,2147,`863,eloop.c.obj (ex armino/wpa_supplicant-2.10/libwpa_supplicant-2.10.a),armino/wpa_supplicant-2.10/libwpa_supplicant-2.10.a
206,0,206,196,10,0,0,206,`ce,os_none.c.obj (ex armino/wpa_supplicant-2.10/libwpa_supplicant-2.10.a),armino/wpa_supplicant-2.10/libwpa_supplicant-2.10.a
297,0,297,272,25,0,0,297,`129,wpabuf.c.obj (ex armino/wpa_supplicant-2.10/libwpa_supplicant-2.10.a),armino/wpa_supplicant-2.10/libwpa_supplicant-2.10.a
7301,0,7301,7020,281,0,0,7301,`1c85,sae.c.obj (ex armino/wpa_supplicant-2.10/libwpa_supplicant-2.10.a),armino/wpa_supplicant-2.10/libwpa_supplicant-2.10.a
4937,8,4937,4504,433,0,8,4945,`1351,ctrl_iface.c.obj (ex armino/wpa_supplicant-2.10/libwpa_supplicant-2.10.a),armino/wpa_supplicant-2.10/libwpa_supplicant-2.10.a
583,20,579,472,107,4,16,599,`257,main_supplicant.c.obj (ex armino/wpa_supplicant-2.10/libwpa_supplicant-2.10.a),armino/wpa_supplicant-2.10/libwpa_supplicant-2.10.a
1483,16,1483,1342,141,0,16,1499,`5db,notify.c.obj (ex armino/wpa_supplicant-2.10/libwpa_supplicant-2.10.a),armino/wpa_supplicant-2.10/libwpa_supplicant-2.10.a
2816,0,2816,2782,34,0,0,2816,`b00,sme.c.obj (ex armino/wpa_supplicant-2.10/libwpa_supplicant-2.10.a),armino/wpa_supplicant-2.10/libwpa_supplicant-2.10.a
951,0,951,820,131,0,0,951,`3b7,wmm_ac.c.obj (ex armino/wpa_supplicant-2.10/libwpa_supplicant-2.10.a),armino/wpa_supplicant-2.10/libwpa_supplicant-2.10.a
1726,0,1726,1686,40,0,0,1726,`6be,wpas_glue.c.obj (ex armino/wpa_supplicant-2.10/libwpa_supplicant-2.10.a),armino/wpa_supplicant-2.10/libwpa_supplicant-2.10.a
200,0,200,200,0,0,0,200,`c8,sha1-prf.c.obj (ex armino/wpa_supplicant-2.10/libwpa_supplicant-2.10.a),armino/wpa_supplicant-2.10/libwpa_supplicant-2.10.a
276,0,276,276,0,0,0,276,`114,sha256-prf.c.obj (ex armino/wpa_supplicant-2.10/libwpa_supplicant-2.10.a),armino/wpa_supplicant-2.10/libwpa_supplicant-2.10.a
3362,0,3362,3000,362,0,0,3362,`d22,crypto_mbedtls.c.obj (ex armino/wpa_supplicant-2.10/libwpa_supplicant-2.10.a),armino/wpa_supplicant-2.10/libwpa_supplicant-2.10.a
1273,12,1261,1082,179,12,0,1273,`4f9,fake_socket.c.obj (ex armino/wpa_supplicant-2.10/libwpa_supplicant-2.10.a),armino/wpa_supplicant-2.10/libwpa_supplicant-2.10.a
4,0,4,4,0,0,0,4,`4,signal.c.obj (ex armino/wpa_supplicant-2.10/libwpa_supplicant-2.10.a),armino/wpa_supplicant-2.10/libwpa_supplicant-2.10.a
665,0,665,644,21,0,0,665,`299,ap_list.c.obj (ex armino/wpa_supplicant-2.10/libwpa_supplicant-2.10.a),armino/wpa_supplicant-2.10/libwpa_supplicant-2.10.a
116,0,116,116,0,0,0,116,`74,ap_mlme.c.obj (ex armino/wpa_supplicant-2.10/libwpa_supplicant-2.10.a),armino/wpa_supplicant-2.10/libwpa_supplicant-2.10.a
4661,0,4661,4540,121,0,0,4661,`1235,beacon.c.obj (ex armino/wpa_supplicant-2.10/libwpa_supplicant-2.10.a),armino/wpa_supplicant-2.10/libwpa_supplicant-2.10.a
1868,0,1868,1844,24,0,0,1868,`74c,drv_callbacks.c.obj (ex armino/wpa_supplicant-2.10/libwpa_supplicant-2.10.a),armino/wpa_supplicant-2.10/libwpa_supplicant-2.10.a
7028,0,7028,6922,106,0,0,7028,`1b74,ieee802_11.c.obj (ex armino/wpa_supplicant-2.10/libwpa_supplicant-2.10.a),armino/wpa_supplicant-2.10/libwpa_supplicant-2.10.a
1469,0,1469,1428,41,0,0,1469,`5bd,ieee802_11_he.c.obj (ex armino/wpa_supplicant-2.10/libwpa_supplicant-2.10.a),armino/wpa_supplicant-2.10/libwpa_supplicant-2.10.a
576,0,576,548,28,0,0,576,`240,ieee802_11_shared.c.obj (ex armino/wpa_supplicant-2.10/libwpa_supplicant-2.10.a),armino/wpa_supplicant-2.10/libwpa_supplicant-2.10.a
807,0,807,768,39,0,0,807,`327,ieee802_11_vht.c.obj (ex armino/wpa_supplicant-2.10/libwpa_supplicant-2.10.a),armino/wpa_supplicant-2.10/libwpa_supplicant-2.10.a
480,0,480,452,28,0,0,480,`1e0,ieee802_1x.c.obj (ex armino/wpa_supplicant-2.10/libwpa_supplicant-2.10.a),armino/wpa_supplicant-2.10/libwpa_supplicant-2.10.a
510,0,510,440,70,0,0,510,`1fe,pmksa_cache_auth.c.obj (ex armino/wpa_supplicant-2.10/libwpa_supplicant-2.10.a),armino/wpa_supplicant-2.10/libwpa_supplicant-2.10.a
1690,0,1690,1616,74,0,0,1690,`69a,pmksa_cache.c.obj (ex armino/wpa_supplicant-2.10/libwpa_supplicant-2.10.a),armino/wpa_supplicant-2.10/libwpa_supplicant-2.10.a
252,0,252,252,0,0,0,252,`fc,tkip_countermeasures.c.obj (ex armino/wpa_supplicant-2.10/libwpa_supplicant-2.10.a),armino/wpa_supplicant-2.10/libwpa_supplicant-2.10.a
112,0,112,112,0,0,0,112,`70,wmm.c.obj (ex armino/wpa_supplicant-2.10/libwpa_supplicant-2.10.a),armino/wpa_supplicant-2.10/libwpa_supplicant-2.10.a
957,256,957,530,427,0,256,1213,`4bd,ocv.c.obj (ex armino/wpa_supplicant-2.10/libwpa_supplicant-2.10.a),armino/wpa_supplicant-2.10/libwpa_supplicant-2.10.a
1168,20,1168,1086,82,0,20,1188,`4a4,wpa_psk_cache.c.obj (ex armino/wpa_supplicant-2.10/libwpa_supplicant-2.10.a),armino/wpa_supplicant-2.10/libwpa_supplicant-2.10.a
8978,0,8978,6968,2010,0,0,8978,`2312,driver_beken.c.obj (ex armino/wpa_supplicant-2.10/libwpa_supplicant-2.10.a),armino/wpa_supplicant-2.10/libwpa_supplicant-2.10.a
633,0,633,544,89,0,0,633,`279,bssid_ignore.c.obj (ex armino/wpa_supplicant-2.10/libwpa_supplicant-2.10.a),armino/wpa_supplicant-2.10/libwpa_supplicant-2.10.a
1991,0,1991,1766,225,0,0,1991,`7c7,config.c.obj (ex armino/wpa_supplicant-2.10/libwpa_supplicant-2.10.a),armino/wpa_supplicant-2.10/libwpa_supplicant-2.10.a
930,0,930,788,142,0,0,930,`3a2,config_none.c.obj (ex armino/wpa_supplicant-2.10/libwpa_supplicant-2.10.a),armino/wpa_supplicant-2.10/libwpa_supplicant-2.10.a
4,0,4,4,0,0,0,4,`4,op_classes.c.obj (ex armino/wpa_supplicant-2.10/libwpa_supplicant-2.10.a),armino/wpa_supplicant-2.10/libwpa_supplicant-2.10.a
241,0,241,240,1,0,0,241,`f1,sha256-kdf.c.obj (ex armino/wpa_supplicant-2.10/libwpa_supplicant-2.10.a),armino/wpa_supplicant-2.10/libwpa_supplicant-2.10.a
872,0,872,870,2,0,0,872,`368,dragonfly.c.obj (ex armino/wpa_supplicant-2.10/libwpa_supplicant-2.10.a),armino/wpa_supplicant-2.10/libwpa_supplicant-2.10.a
52,0,52,52,0,0,0,52,`34,ddrv.c.obj (ex armino/wpa_supplicant-2.10/libwpa_supplicant-2.10.a),armino/wpa_supplicant-2.10/libwpa_supplicant-2.10.a
430,0,430,430,0,0,0,430,`1ae,dfs.c.obj (ex armino/wpa_supplicant-2.10/libwpa_supplicant-2.10.a),armino/wpa_supplicant-2.10/libwpa_supplicant-2.10.a
8,0,8,0,8,0,0,8,`8,drivers.c.obj (ex armino/wpa_supplicant-2.10/libwpa_supplicant-2.10.a),armino/wpa_supplicant-2.10/libwpa_supplicant-2.10.a
4,12,0,0,0,4,8,12,`c,wpa_debug.c.obj (ex armino/wpa_supplicant-2.10/libwpa_supplicant-2.10.a),armino/wpa_supplicant-2.10/libwpa_supplicant-2.10.a
152034,634,151990,134586,17404,44,590,152624,`25430,armino/wpa_supplicant-2.10/libwpa_supplicant-2.10.a,armino/wpa_supplicant-2.10/libwpa_supplicant-2.10.a
879,0,879,856,23,0,0,879,`36f,command_line.c.obj (ex armino/uart_debug/libuart_debug.a),armino/uart_debug/libuart_debug.a
879,0,879,856,23,0,0,879,`36f,armino/uart_debug/libuart_debug.a,armino/uart_debug/libuart_debug.a
3867,56,3831,3592,239,36,20,3887,`f2f,iperf.c.obj (ex armino/iperf/libiperf.a),armino/iperf/libiperf.a
3867,56,3831,3592,239,36,20,3887,`f2f,armino/iperf/libiperf.a,armino/iperf/libiperf.a
1050,4,1046,72,974,4,0,1050,`41a,vnd_cal.c.obj (ex armino/vnd_cal/libvnd_cal.a),armino/vnd_cal/libvnd_cal.a
1050,4,1046,72,974,4,0,1050,`41a,armino/vnd_cal/libvnd_cal.a,armino/vnd_cal/libvnd_cal.a
68,0,68,68,0,0,0,68,`44,bk_feature.c.obj (ex armino/bk_common/libbk_common.a),armino/bk_common/libbk_common.a
284,0,284,28,256,0,0,284,`11c,bk_crc.c.obj (ex armino/bk_common/libbk_common.a),armino/bk_common/libbk_common.a
352,0,352,96,256,0,0,352,`160,armino/bk_common/libbk_common.a,armino/bk_common/libbk_common.a
795,72,791,736,55,4,68,863,`35f,unity_fixture.c.obj (ex armino/unity/libunity.a),armino/unity/libunity.a
937,132,937,830,107,0,132,1069,`42d,unity.c.obj (ex armino/unity/libunity.a),armino/unity/libunity.a
1732,204,1728,1566,162,4,200,1932,`78c,armino/unity/libunity.a,armino/unity/libunity.a
2710,4,2706,2306,400,4,0,2710,`a96,ecp_curves.c.obj (ex armino/psa_mbedtls/libpsa_mbedtls.a),armino/psa_mbedtls/libpsa_mbedtls.a
4982,0,4982,4946,36,0,0,4982,`1376,bignum.c.obj (ex armino/psa_mbedtls/libpsa_mbedtls.a),armino/psa_mbedtls/libpsa_mbedtls.a
1608,0,1608,1608,0,0,0,1608,`648,bignum_core.c.obj (ex armino/psa_mbedtls/libpsa_mbedtls.a),armino/psa_mbedtls/libpsa_mbedtls.a
852,0,852,852,0,0,0,852,`354,cipher.c.obj (ex armino/psa_mbedtls/libpsa_mbedtls.a),armino/psa_mbedtls/libpsa_mbedtls.a
1283,16,1267,332,935,16,0,1283,`503,cipher_wrap.c.obj (ex armino/psa_mbedtls/libpsa_mbedtls.a),armino/psa_mbedtls/libpsa_mbedtls.a
1350,0,1350,1350,0,0,0,1350,`546,ctr_drbg.c.obj (ex armino/psa_mbedtls/libpsa_mbedtls.a),armino/psa_mbedtls/libpsa_mbedtls.a
4605,0,4605,4546,59,0,0,4605,`11fd,ecp.c.obj (ex armino/psa_mbedtls/libpsa_mbedtls.a),armino/psa_mbedtls/libpsa_mbedtls.a
978,0,978,908,70,0,0,978,`3d2,md.c.obj (ex armino/psa_mbedtls/libpsa_mbedtls.a),armino/psa_mbedtls/libpsa_mbedtls.a
142,16,126,126,0,16,0,142,`8e,threading.c.obj (ex armino/psa_mbedtls/libpsa_mbedtls.a),armino/psa_mbedtls/libpsa_mbedtls.a
5472,0,5472,2872,2600,0,0,5472,`1560,aes.c.obj (ex armino/psa_mbedtls/libpsa_mbedtls.a),armino/psa_mbedtls/libpsa_mbedtls.a
210,0,210,210,0,0,0,210,`d2,constant_time.c.obj (ex armino/psa_mbedtls/libpsa_mbedtls.a),armino/psa_mbedtls/libpsa_mbedtls.a
606,0,606,606,0,0,0,606,`25e,ccm.c.obj (ex armino/psa_mbedtls/libpsa_mbedtls.a),armino/psa_mbedtls/libpsa_mbedtls.a
872,0,872,872,0,0,0,872,`368,entropy.c.obj (ex armino/psa_mbedtls/libpsa_mbedtls.a),armino/psa_mbedtls/libpsa_mbedtls.a
1176,0,1176,1144,32,0,0,1176,`498,gcm.c.obj (ex armino/psa_mbedtls/libpsa_mbedtls.a),armino/psa_mbedtls/libpsa_mbedtls.a
2284,0,2284,2284,0,0,0,2284,`8ec,md5.c.obj (ex armino/psa_mbedtls/libpsa_mbedtls.a),armino/psa_mbedtls/libpsa_mbedtls.a
1302,0,1302,1276,26,0,0,1302,`516,nist_kw.c.obj (ex armino/psa_mbedtls/libpsa_mbedtls.a),armino/psa_mbedtls/libpsa_mbedtls.a
4106,0,4106,4106,0,0,0,4106,`100a,sha1.c.obj (ex armino/psa_mbedtls/libpsa_mbedtls.a),armino/psa_mbedtls/libpsa_mbedtls.a
2484,0,2484,2228,256,0,0,2484,`9b4,sha256.c.obj (ex armino/psa_mbedtls/libpsa_mbedtls.a),armino/psa_mbedtls/libpsa_mbedtls.a
388,0,388,388,0,0,0,388,`184,pkcs5.c.obj (ex armino/psa_mbedtls/libpsa_mbedtls.a),armino/psa_mbedtls/libpsa_mbedtls.a
121,4,117,92,25,4,0,121,`79,platform_util.c.obj (ex armino/psa_mbedtls/libpsa_mbedtls.a),armino/psa_mbedtls/libpsa_mbedtls.a
735,0,735,708,27,0,0,735,`2df,cmac.c.obj (ex armino/psa_mbedtls/libpsa_mbedtls.a),armino/psa_mbedtls/libpsa_mbedtls.a
66,0,66,66,0,0,0,66,`42,tls_hardware.c.obj (ex armino/psa_mbedtls/libpsa_mbedtls.a),armino/psa_mbedtls/libpsa_mbedtls.a
38332,40,38292,33826,4466,40,0,38332,`95bc,armino/psa_mbedtls/libpsa_mbedtls.a,armino/psa_mbedtls/libpsa_mbedtls.a
16,0,16,16,0,0,0,16,`10,lib_adapter.c.obj (ex armino/bk_adapter/libbk_adapter.a),armino/bk_adapter/libbk_adapter.a
16,0,16,16,0,0,0,16,`10,armino/bk_adapter/libbk_adapter.a,armino/bk_adapter/libbk_adapter.a
459,5,459,392,67,0,5,464,`1d0,controller_init.c.obj (ex C:/Users/naman/TuyaOpenIDE/TuyaOpenSDK/platform/T5AI/t5_os/cp/components/bk_libs/bk7258/libs/libbluetooth_controller_controller_only_ble.a),C:/Users/naman/TuyaOpenIDE/TuyaOpenSDK/platform/T5AI/t5_os/cp/components/bk_libs/bk7258/libs/libbluetooth_controller_controller_only_ble.a
1382,8,1382,1264,118,0,8,1390,`56e,bluetooth_osi_wrapper.c.obj (ex C:/Users/naman/TuyaOpenIDE/TuyaOpenSDK/platform/T5AI/t5_os/cp/components/bk_libs/bk7258/libs/libbluetooth_controller_controller_only_ble.a),C:/Users/naman/TuyaOpenIDE/TuyaOpenSDK/platform/T5AI/t5_os/cp/components/bk_libs/bk7258/libs/libbluetooth_controller_controller_only_ble.a
2672,6,2666,2550,116,6,0,2672,`a70,common_utils.c.obj (ex C:/Users/naman/TuyaOpenIDE/TuyaOpenSDK/platform/T5AI/t5_os/cp/components/bk_libs/bk7258/libs/libbluetooth_controller_controller_only_ble.a),C:/Users/naman/TuyaOpenIDE/TuyaOpenSDK/platform/T5AI/t5_os/cp/components/bk_libs/bk7258/libs/libbluetooth_controller_controller_only_ble.a
916,64,916,916,0,0,64,980,`3d4,rf_xvr.c.obj (ex C:/Users/naman/TuyaOpenIDE/TuyaOpenSDK/platform/T5AI/t5_os/cp/components/bk_libs/bk7258/libs/libbluetooth_controller_controller_only_ble.a),C:/Users/naman/TuyaOpenIDE/TuyaOpenSDK/platform/T5AI/t5_os/cp/components/bk_libs/bk7258/libs/libbluetooth_controller_controller_only_ble.a
4120,19432,4094,3164,930,26,19406,23526,`5be6,ble_main.c.obj (ex C:/Users/naman/TuyaOpenIDE/TuyaOpenSDK/platform/T5AI/t5_os/cp/components/bk_libs/bk7258/libs/libbluetooth_controller_controller_only_ble.a),C:/Users/naman/TuyaOpenIDE/TuyaOpenSDK/platform/T5AI/t5_os/cp/components/bk_libs/bk7258/libs/libbluetooth_controller_controller_only_ble.a
2610,1103,2598,2282,316,12,1091,3701,`e75,uart_ble.c.obj (ex C:/Users/naman/TuyaOpenIDE/TuyaOpenSDK/platform/T5AI/t5_os/cp/components/bk_libs/bk7258/libs/libbluetooth_controller_controller_only_ble.a),C:/Users/naman/TuyaOpenIDE/TuyaOpenSDK/platform/T5AI/t5_os/cp/components/bk_libs/bk7258/libs/libbluetooth_controller_controller_only_ble.a
1454,48,1438,1106,332,16,32,1486,`5ce,uart_controller_only.c.obj (ex C:/Users/naman/TuyaOpenIDE/TuyaOpenSDK/platform/T5AI/t5_os/cp/components/bk_libs/bk7258/libs/libbluetooth_controller_controller_only_ble.a),C:/Users/naman/TuyaOpenIDE/TuyaOpenSDK/platform/T5AI/t5_os/cp/components/bk_libs/bk7258/libs/libbluetooth_controller_controller_only_ble.a
94,0,94,84,10,0,0,94,`5e,rwble.c.obj (ex C:/Users/naman/TuyaOpenIDE/TuyaOpenSDK/platform/T5AI/t5_os/cp/components/bk_libs/bk7258/libs/libbluetooth_controller_controller_only_ble.a),C:/Users/naman/TuyaOpenIDE/TuyaOpenSDK/platform/T5AI/t5_os/cp/components/bk_libs/bk7258/libs/libbluetooth_controller_controller_only_ble.a
1917,44,1917,1770,147,0,44,1961,`7a9,llc.c.obj (ex C:/Users/naman/TuyaOpenIDE/TuyaOpenSDK/platform/T5AI/t5_os/cp/components/bk_libs/bk7258/libs/libbluetooth_controller_controller_only_ble.a),C:/Users/naman/TuyaOpenIDE/TuyaOpenSDK/platform/T5AI/t5_os/cp/components/bk_libs/bk7258/libs/libbluetooth_controller_controller_only_ble.a
1689,0,1689,1660,29,0,0,1689,`699,llc_dl_upd.c.obj (ex C:/Users/naman/TuyaOpenIDE/TuyaOpenSDK/platform/T5AI/t5_os/cp/components/bk_libs/bk7258/libs/libbluetooth_controller_controller_only_ble.a),C:/Users/naman/TuyaOpenIDE/TuyaOpenSDK/platform/T5AI/t5_os/cp/components/bk_libs/bk7258/libs/libbluetooth_controller_controller_only_ble.a
787,0,787,598,189,0,0,787,`313,llc_hci.c.obj (ex C:/Users/naman/TuyaOpenIDE/TuyaOpenSDK/platform/T5AI/t5_os/cp/components/bk_libs/bk7258/libs/libbluetooth_controller_controller_only_ble.a),C:/Users/naman/TuyaOpenIDE/TuyaOpenSDK/platform/T5AI/t5_os/cp/components/bk_libs/bk7258/libs/libbluetooth_controller_controller_only_ble.a
820,0,820,754,66,0,0,820,`334,llc_le_ping.c.obj (ex C:/Users/naman/TuyaOpenIDE/TuyaOpenSDK/platform/T5AI/t5_os/cp/components/bk_libs/bk7258/libs/libbluetooth_controller_controller_only_ble.a),C:/Users/naman/TuyaOpenIDE/TuyaOpenSDK/platform/T5AI/t5_os/cp/components/bk_libs/bk7258/libs/libbluetooth_controller_controller_only_ble.a
3157,0,3157,3010,147,0,0,3157,`c55,llc_phy_upd.c.obj (ex C:/Users/naman/TuyaOpenIDE/TuyaOpenSDK/platform/T5AI/t5_os/cp/components/bk_libs/bk7258/libs/libbluetooth_controller_controller_only_ble.a),C:/Users/naman/TuyaOpenIDE/TuyaOpenSDK/platform/T5AI/t5_os/cp/components/bk_libs/bk7258/libs/libbluetooth_controller_controller_only_ble.a
1228,0,1228,1144,84,0,0,1228,`4cc,llc_chmap_upd.c.obj (ex C:/Users/naman/TuyaOpenIDE/TuyaOpenSDK/platform/T5AI/t5_os/cp/components/bk_libs/bk7258/libs/libbluetooth_controller_controller_only_ble.a),C:/Users/naman/TuyaOpenIDE/TuyaOpenSDK/platform/T5AI/t5_os/cp/components/bk_libs/bk7258/libs/libbluetooth_controller_controller_only_ble.a
883,0,883,830,53,0,0,883,`373,llc_clk_acc.c.obj (ex C:/Users/naman/TuyaOpenIDE/TuyaOpenSDK/platform/T5AI/t5_os/cp/components/bk_libs/bk7258/libs/libbluetooth_controller_controller_only_ble.a),C:/Users/naman/TuyaOpenIDE/TuyaOpenSDK/platform/T5AI/t5_os/cp/components/bk_libs/bk7258/libs/libbluetooth_controller_controller_only_ble.a
4232,0,4232,4028,204,0,0,4232,`1088,llc_con_upd.c.obj (ex C:/Users/naman/TuyaOpenIDE/TuyaOpenSDK/platform/T5AI/t5_os/cp/components/bk_libs/bk7258/libs/libbluetooth_controller_controller_only_ble.a),C:/Users/naman/TuyaOpenIDE/TuyaOpenSDK/platform/T5AI/t5_os/cp/components/bk_libs/bk7258/libs/libbluetooth_controller_controller_only_ble.a
3644,0,3644,3504,140,0,0,3644,`e3c,llc_encrypt.c.obj (ex C:/Users/naman/TuyaOpenIDE/TuyaOpenSDK/platform/T5AI/t5_os/cp/components/bk_libs/bk7258/libs/libbluetooth_controller_controller_only_ble.a),C:/Users/naman/TuyaOpenIDE/TuyaOpenSDK/platform/T5AI/t5_os/cp/components/bk_libs/bk7258/libs/libbluetooth_controller_controller_only_ble.a
1579,0,1579,992,587,0,0,1579,`62b,llc_llcp.c.obj (ex C:/Users/naman/TuyaOpenIDE/TuyaOpenSDK/platform/T5AI/t5_os/cp/components/bk_libs/bk7258/libs/libbluetooth_controller_controller_only_ble.a),C:/Users/naman/TuyaOpenIDE/TuyaOpenSDK/platform/T5AI/t5_os/cp/components/bk_libs/bk7258/libs/libbluetooth_controller_controller_only_ble.a
224,0,224,224,0,0,0,224,`e0,llc_pwr.c.obj (ex C:/Users/naman/TuyaOpenIDE/TuyaOpenSDK/platform/T5AI/t5_os/cp/components/bk_libs/bk7258/libs/libbluetooth_controller_controller_only_ble.a),C:/Users/naman/TuyaOpenIDE/TuyaOpenSDK/platform/T5AI/t5_os/cp/components/bk_libs/bk7258/libs/libbluetooth_controller_controller_only_ble.a
272,11,272,36,236,0,11,283,`11b,llc_task.c.obj (ex C:/Users/naman/TuyaOpenIDE/TuyaOpenSDK/platform/T5AI/t5_os/cp/components/bk_libs/bk7258/libs/libbluetooth_controller_controller_only_ble.a),C:/Users/naman/TuyaOpenIDE/TuyaOpenSDK/platform/T5AI/t5_os/cp/components/bk_libs/bk7258/libs/libbluetooth_controller_controller_only_ble.a
955,0,955,904,51,0,0,955,`3bb,llc_ver_exch.c.obj (ex C:/Users/naman/TuyaOpenIDE/TuyaOpenSDK/platform/T5AI/t5_os/cp/components/bk_libs/bk7258/libs/libbluetooth_controller_controller_only_ble.a),C:/Users/naman/TuyaOpenIDE/TuyaOpenSDK/platform/T5AI/t5_os/cp/components/bk_libs/bk7258/libs/libbluetooth_controller_controller_only_ble.a
2757,121,2757,2588,169,0,121,2878,`b3e,lld.c.obj (ex C:/Users/naman/TuyaOpenIDE/TuyaOpenSDK/platform/T5AI/t5_os/cp/components/bk_libs/bk7258/libs/libbluetooth_controller_controller_only_ble.a),C:/Users/naman/TuyaOpenIDE/TuyaOpenSDK/platform/T5AI/t5_os/cp/components/bk_libs/bk7258/libs/libbluetooth_controller_controller_only_ble.a
8867,44,8867,8476,391,0,44,8911,`22cf,lld_adv.c.obj (ex C:/Users/naman/TuyaOpenIDE/TuyaOpenSDK/platform/T5AI/t5_os/cp/components/bk_libs/bk7258/libs/libbluetooth_controller_controller_only_ble.a),C:/Users/naman/TuyaOpenIDE/TuyaOpenSDK/platform/T5AI/t5_os/cp/components/bk_libs/bk7258/libs/libbluetooth_controller_controller_only_ble.a
8474,44,8474,7792,682,0,44,8518,`2146,lld_con.c.obj (ex C:/Users/naman/TuyaOpenIDE/TuyaOpenSDK/platform/T5AI/t5_os/cp/components/bk_libs/bk7258/libs/libbluetooth_controller_controller_only_ble.a),C:/Users/naman/TuyaOpenIDE/TuyaOpenSDK/platform/T5AI/t5_os/cp/components/bk_libs/bk7258/libs/libbluetooth_controller_controller_only_ble.a
4992,4,4992,4810,182,0,4,4996,`1384,lld_init.c.obj (ex C:/Users/naman/TuyaOpenIDE/TuyaOpenSDK/platform/T5AI/t5_os/cp/components/bk_libs/bk7258/libs/libbluetooth_controller_controller_only_ble.a),C:/Users/naman/TuyaOpenIDE/TuyaOpenSDK/platform/T5AI/t5_os/cp/components/bk_libs/bk7258/libs/libbluetooth_controller_controller_only_ble.a
6914,4,6914,6612,302,0,4,6918,`1b06,lld_scan.c.obj (ex C:/Users/naman/TuyaOpenIDE/TuyaOpenSDK/platform/T5AI/t5_os/cp/components/bk_libs/bk7258/libs/libbluetooth_controller_controller_only_ble.a),C:/Users/naman/TuyaOpenIDE/TuyaOpenSDK/platform/T5AI/t5_os/cp/components/bk_libs/bk7258/libs/libbluetooth_controller_controller_only_ble.a
2123,5,2123,1992,131,0,5,2128,`850,lld_test.c.obj (ex C:/Users/naman/TuyaOpenIDE/TuyaOpenSDK/platform/T5AI/t5_os/cp/components/bk_libs/bk7258/libs/libbluetooth_controller_controller_only_ble.a),C:/Users/naman/TuyaOpenIDE/TuyaOpenSDK/platform/T5AI/t5_os/cp/components/bk_libs/bk7258/libs/libbluetooth_controller_controller_only_ble.a
2085,1316,2085,1776,309,0,1316,3401,`d49,llm.c.obj (ex C:/Users/naman/TuyaOpenIDE/TuyaOpenSDK/platform/T5AI/t5_os/cp/components/bk_libs/bk7258/libs/libbluetooth_controller_controller_only_ble.a),C:/Users/naman/TuyaOpenIDE/TuyaOpenSDK/platform/T5AI/t5_os/cp/components/bk_libs/bk7258/libs/libbluetooth_controller_controller_only_ble.a
386,1,386,262,124,0,1,387,`183,llm_task.c.obj (ex C:/Users/naman/TuyaOpenIDE/TuyaOpenSDK/platform/T5AI/t5_os/cp/components/bk_libs/bk7258/libs/libbluetooth_controller_controller_only_ble.a),C:/Users/naman/TuyaOpenIDE/TuyaOpenSDK/platform/T5AI/t5_os/cp/components/bk_libs/bk7258/libs/libbluetooth_controller_controller_only_ble.a
1291,0,1291,1246,45,0,0,1291,`50b,llm_test.c.obj (ex C:/Users/naman/TuyaOpenIDE/TuyaOpenSDK/platform/T5AI/t5_os/cp/components/bk_libs/bk7258/libs/libbluetooth_controller_controller_only_ble.a),C:/Users/naman/TuyaOpenIDE/TuyaOpenSDK/platform/T5AI/t5_os/cp/components/bk_libs/bk7258/libs/libbluetooth_controller_controller_only_ble.a
336,8,336,316,20,0,8,344,`158,sch_alarm.c.obj (ex C:/Users/naman/TuyaOpenIDE/TuyaOpenSDK/platform/T5AI/t5_os/cp/components/bk_libs/bk7258/libs/libbluetooth_controller_controller_only_ble.a),C:/Users/naman/TuyaOpenIDE/TuyaOpenSDK/platform/T5AI/t5_os/cp/components/bk_libs/bk7258/libs/libbluetooth_controller_controller_only_ble.a
1765,24,1765,1660,105,0,24,1789,`6fd,sch_arb.c.obj (ex C:/Users/naman/TuyaOpenIDE/TuyaOpenSDK/platform/T5AI/t5_os/cp/components/bk_libs/bk7258/libs/libbluetooth_controller_controller_only_ble.a),C:/Users/naman/TuyaOpenIDE/TuyaOpenSDK/platform/T5AI/t5_os/cp/components/bk_libs/bk7258/libs/libbluetooth_controller_controller_only_ble.a
1269,9,1269,1230,39,0,9,1278,`4fe,sch_plan.c.obj (ex C:/Users/naman/TuyaOpenIDE/TuyaOpenSDK/platform/T5AI/t5_os/cp/components/bk_libs/bk7258/libs/libbluetooth_controller_controller_only_ble.a),C:/Users/naman/TuyaOpenIDE/TuyaOpenSDK/platform/T5AI/t5_os/cp/components/bk_libs/bk7258/libs/libbluetooth_controller_controller_only_ble.a
1325,260,1325,1244,81,0,260,1585,`631,sch_prog.c.obj (ex C:/Users/naman/TuyaOpenIDE/TuyaOpenSDK/platform/T5AI/t5_os/cp/components/bk_libs/bk7258/libs/libbluetooth_controller_controller_only_ble.a),C:/Users/naman/TuyaOpenIDE/TuyaOpenSDK/platform/T5AI/t5_os/cp/components/bk_libs/bk7258/libs/libbluetooth_controller_controller_only_ble.a
646,112,646,552,94,0,112,758,`2f6,sch_slice.c.obj (ex C:/Users/naman/TuyaOpenIDE/TuyaOpenSDK/platform/T5AI/t5_os/cp/components/bk_libs/bk7258/libs/libbluetooth_controller_controller_only_ble.a),C:/Users/naman/TuyaOpenIDE/TuyaOpenSDK/platform/T5AI/t5_os/cp/components/bk_libs/bk7258/libs/libbluetooth_controller_controller_only_ble.a
986,40,986,716,270,0,40,1026,`402,hci.c.obj (ex C:/Users/naman/TuyaOpenIDE/TuyaOpenSDK/platform/T5AI/t5_os/cp/components/bk_libs/bk7258/libs/libbluetooth_controller_controller_only_ble.a),C:/Users/naman/TuyaOpenIDE/TuyaOpenSDK/platform/T5AI/t5_os/cp/components/bk_libs/bk7258/libs/libbluetooth_controller_controller_only_ble.a
100,8,100,100,0,0,8,108,`6c,hci_fc.c.obj (ex C:/Users/naman/TuyaOpenIDE/TuyaOpenSDK/platform/T5AI/t5_os/cp/components/bk_libs/bk7258/libs/libbluetooth_controller_controller_only_ble.a),C:/Users/naman/TuyaOpenIDE/TuyaOpenSDK/platform/T5AI/t5_os/cp/components/bk_libs/bk7258/libs/libbluetooth_controller_controller_only_ble.a
1919,40,1919,1700,219,0,40,1959,`7a7,hci_tl.c.obj (ex C:/Users/naman/TuyaOpenIDE/TuyaOpenSDK/platform/T5AI/t5_os/cp/components/bk_libs/bk7258/libs/libbluetooth_controller_controller_only_ble.a),C:/Users/naman/TuyaOpenIDE/TuyaOpenSDK/platform/T5AI/t5_os/cp/components/bk_libs/bk7258/libs/libbluetooth_controller_controller_only_ble.a
1178,3128,1178,932,246,0,3128,4306,`10d2,hci_packet_parser.c.obj (ex C:/Users/naman/TuyaOpenIDE/TuyaOpenSDK/platform/T5AI/t5_os/cp/components/bk_libs/bk7258/libs/libbluetooth_controller_controller_only_ble.a),C:/Users/naman/TuyaOpenIDE/TuyaOpenSDK/platform/T5AI/t5_os/cp/components/bk_libs/bk7258/libs/libbluetooth_controller_controller_only_ble.a
552,0,552,404,148,0,0,552,`228,common_list.c.obj (ex C:/Users/naman/TuyaOpenIDE/TuyaOpenSDK/platform/T5AI/t5_os/cp/components/bk_libs/bk7258/libs/libbluetooth_controller_controller_only_ble.a),C:/Users/naman/TuyaOpenIDE/TuyaOpenSDK/platform/T5AI/t5_os/cp/components/bk_libs/bk7258/libs/libbluetooth_controller_controller_only_ble.a
903,48,903,852,51,0,48,951,`3b7,h4tl.c.obj (ex C:/Users/naman/TuyaOpenIDE/TuyaOpenSDK/platform/T5AI/t5_os/cp/components/bk_libs/bk7258/libs/libbluetooth_controller_controller_only_ble.a),C:/Users/naman/TuyaOpenIDE/TuyaOpenSDK/platform/T5AI/t5_os/cp/components/bk_libs/bk7258/libs/libbluetooth_controller_controller_only_ble.a
810,0,810,744,66,0,0,810,`32a,kernel_mem.c.obj (ex C:/Users/naman/TuyaOpenIDE/TuyaOpenSDK/platform/T5AI/t5_os/cp/components/bk_libs/bk7258/libs/libbluetooth_controller_controller_only_ble.a),C:/Users/naman/TuyaOpenIDE/TuyaOpenSDK/platform/T5AI/t5_os/cp/components/bk_libs/bk7258/libs/libbluetooth_controller_controller_only_ble.a
161,0,161,144,17,0,0,161,`a1,kernel_msg.c.obj (ex C:/Users/naman/TuyaOpenIDE/TuyaOpenSDK/platform/T5AI/t5_os/cp/components/bk_libs/bk7258/libs/libbluetooth_controller_controller_only_ble.a),C:/Users/naman/TuyaOpenIDE/TuyaOpenSDK/platform/T5AI/t5_os/cp/components/bk_libs/bk7258/libs/libbluetooth_controller_controller_only_ble.a
802,12,802,682,120,0,12,814,`32e,kernel_task.c.obj (ex C:/Users/naman/TuyaOpenIDE/TuyaOpenSDK/platform/T5AI/t5_os/cp/components/bk_libs/bk7258/libs/libbluetooth_controller_controller_only_ble.a),C:/Users/naman/TuyaOpenIDE/TuyaOpenSDK/platform/T5AI/t5_os/cp/components/bk_libs/bk7258/libs/libbluetooth_controller_controller_only_ble.a
233,0,233,216,17,0,0,233,`e9,kernel_timer.c.obj (ex C:/Users/naman/TuyaOpenIDE/TuyaOpenSDK/platform/T5AI/t5_os/cp/components/bk_libs/bk7258/libs/libbluetooth_controller_controller_only_ble.a),C:/Users/naman/TuyaOpenIDE/TuyaOpenSDK/platform/T5AI/t5_os/cp/components/bk_libs/bk7258/libs/libbluetooth_controller_controller_only_ble.a
80,0,80,80,0,0,0,80,`50,ble_rf_port.c.obj (ex C:/Users/naman/TuyaOpenIDE/TuyaOpenSDK/platform/T5AI/t5_os/cp/components/bk_libs/bk7258/libs/libbluetooth_controller_controller_only_ble.a),C:/Users/naman/TuyaOpenIDE/TuyaOpenSDK/platform/T5AI/t5_os/cp/components/bk_libs/bk7258/libs/libbluetooth_controller_controller_only_ble.a
905,18386,905,844,61,0,18386,19291,`4b5b,rwip.c.obj (ex C:/Users/naman/TuyaOpenIDE/TuyaOpenSDK/platform/T5AI/t5_os/cp/components/bk_libs/bk7258/libs/libbluetooth_controller_controller_only_ble.a),C:/Users/naman/TuyaOpenIDE/TuyaOpenSDK/platform/T5AI/t5_os/cp/components/bk_libs/bk7258/libs/libbluetooth_controller_controller_only_ble.a
3225,264,3225,3098,127,0,264,3489,`da1,rwip_driver.c.obj (ex C:/Users/naman/TuyaOpenIDE/TuyaOpenSDK/platform/T5AI/t5_os/cp/components/bk_libs/bk7258/libs/libbluetooth_controller_controller_only_ble.a),C:/Users/naman/TuyaOpenIDE/TuyaOpenSDK/platform/T5AI/t5_os/cp/components/bk_libs/bk7258/libs/libbluetooth_controller_controller_only_ble.a
127,0,127,104,23,0,0,127,`7f,ble_util.c.obj (ex C:/Users/naman/TuyaOpenIDE/TuyaOpenSDK/platform/T5AI/t5_os/cp/components/bk_libs/bk7258/libs/libbluetooth_controller_controller_only_ble.a),C:/Users/naman/TuyaOpenIDE/TuyaOpenSDK/platform/T5AI/t5_os/cp/components/bk_libs/bk7258/libs/libbluetooth_controller_controller_only_ble.a
921,432,921,796,125,0,432,1353,`549,ble_util_buf.c.obj (ex C:/Users/naman/TuyaOpenIDE/TuyaOpenSDK/platform/T5AI/t5_os/cp/components/bk_libs/bk7258/libs/libbluetooth_controller_controller_only_ble.a),C:/Users/naman/TuyaOpenIDE/TuyaOpenSDK/platform/T5AI/t5_os/cp/components/bk_libs/bk7258/libs/libbluetooth_controller_controller_only_ble.a
1049,0,1049,918,131,0,0,1049,`419,llc_disconnect.c.obj (ex C:/Users/naman/TuyaOpenIDE/TuyaOpenSDK/platform/T5AI/t5_os/cp/components/bk_libs/bk7258/libs/libbluetooth_controller_controller_only_ble.a),C:/Users/naman/TuyaOpenIDE/TuyaOpenSDK/platform/T5AI/t5_os/cp/components/bk_libs/bk7258/libs/libbluetooth_controller_controller_only_ble.a
1051,0,1051,1018,33,0,0,1051,`41b,llc_feat_exch.c.obj (ex C:/Users/naman/TuyaOpenIDE/TuyaOpenSDK/platform/T5AI/t5_os/cp/components/bk_libs/bk7258/libs/libbluetooth_controller_controller_only_ble.a),C:/Users/naman/TuyaOpenIDE/TuyaOpenSDK/platform/T5AI/t5_os/cp/components/bk_libs/bk7258/libs/libbluetooth_controller_controller_only_ble.a
6984,0,6984,6732,252,0,0,6984,`1b48,llm_adv.c.obj (ex C:/Users/naman/TuyaOpenIDE/TuyaOpenSDK/platform/T5AI/t5_os/cp/components/bk_libs/bk7258/libs/libbluetooth_controller_controller_only_ble.a),C:/Users/naman/TuyaOpenIDE/TuyaOpenSDK/platform/T5AI/t5_os/cp/components/bk_libs/bk7258/libs/libbluetooth_controller_controller_only_ble.a
3973,0,3973,3270,703,0,0,3973,`f85,llm_hci.c.obj (ex C:/Users/naman/TuyaOpenIDE/TuyaOpenSDK/platform/T5AI/t5_os/cp/components/bk_libs/bk7258/libs/libbluetooth_controller_controller_only_ble.a),C:/Users/naman/TuyaOpenIDE/TuyaOpenSDK/platform/T5AI/t5_os/cp/components/bk_libs/bk7258/libs/libbluetooth_controller_controller_only_ble.a
2698,0,2698,2572,126,0,0,2698,`a8a,llm_init.c.obj (ex C:/Users/naman/TuyaOpenIDE/TuyaOpenSDK/platform/T5AI/t5_os/cp/components/bk_libs/bk7258/libs/libbluetooth_controller_controller_only_ble.a),C:/Users/naman/TuyaOpenIDE/TuyaOpenSDK/platform/T5AI/t5_os/cp/components/bk_libs/bk7258/libs/libbluetooth_controller_controller_only_ble.a
3487,0,3487,3360,127,0,0,3487,`d9f,llm_scan.c.obj (ex C:/Users/naman/TuyaOpenIDE/TuyaOpenSDK/platform/T5AI/t5_os/cp/components/bk_libs/bk7258/libs/libbluetooth_controller_controller_only_ble.a),C:/Users/naman/TuyaOpenIDE/TuyaOpenSDK/platform/T5AI/t5_os/cp/components/bk_libs/bk7258/libs/libbluetooth_controller_controller_only_ble.a
364,12,364,364,0,0,12,376,`178,ble_aes.c.obj (ex C:/Users/naman/TuyaOpenIDE/TuyaOpenSDK/platform/T5AI/t5_os/cp/components/bk_libs/bk7258/libs/libbluetooth_controller_controller_only_ble.a),C:/Users/naman/TuyaOpenIDE/TuyaOpenSDK/platform/T5AI/t5_os/cp/components/bk_libs/bk7258/libs/libbluetooth_controller_controller_only_ble.a
193,0,193,168,25,0,0,193,`c1,ble_aes_rpa.c.obj (ex C:/Users/naman/TuyaOpenIDE/TuyaOpenSDK/platform/T5AI/t5_os/cp/components/bk_libs/bk7258/libs/libbluetooth_controller_controller_only_ble.a),C:/Users/naman/TuyaOpenIDE/TuyaOpenSDK/platform/T5AI/t5_os/cp/components/bk_libs/bk7258/libs/libbluetooth_controller_controller_only_ble.a
4962,0,4962,3304,1658,0,0,4962,`1362,hci_msg.c.obj (ex C:/Users/naman/TuyaOpenIDE/TuyaOpenSDK/platform/T5AI/t5_os/cp/components/bk_libs/bk7258/libs/libbluetooth_controller_controller_only_ble.a),C:/Users/naman/TuyaOpenIDE/TuyaOpenSDK/platform/T5AI/t5_os/cp/components/bk_libs/bk7258/libs/libbluetooth_controller_controller_only_ble.a
288,24,288,260,28,0,24,312,`138,common_djob.c.obj (ex C:/Users/naman/TuyaOpenIDE/TuyaOpenSDK/platform/T5AI/t5_os/cp/components/bk_libs/bk7258/libs/libbluetooth_controller_controller_only_ble.a),C:/Users/naman/TuyaOpenIDE/TuyaOpenSDK/platform/T5AI/t5_os/cp/components/bk_libs/bk7258/libs/libbluetooth_controller_controller_only_ble.a
757,20,757,720,37,0,20,777,`309,common_time.c.obj (ex C:/Users/naman/TuyaOpenIDE/TuyaOpenSDK/platform/T5AI/t5_os/cp/components/bk_libs/bk7258/libs/libbluetooth_controller_controller_only_ble.a),C:/Users/naman/TuyaOpenIDE/TuyaOpenSDK/platform/T5AI/t5_os/cp/components/bk_libs/bk7258/libs/libbluetooth_controller_controller_only_ble.a
48,0,48,48,0,0,0,48,`30,dbg.c.obj (ex C:/Users/naman/TuyaOpenIDE/TuyaOpenSDK/platform/T5AI/t5_os/cp/components/bk_libs/bk7258/libs/libbluetooth_controller_controller_only_ble.a),C:/Users/naman/TuyaOpenIDE/TuyaOpenSDK/platform/T5AI/t5_os/cp/components/bk_libs/bk7258/libs/libbluetooth_controller_controller_only_ble.a
6589,8,6589,4148,2441,0,8,6597,`19c5,ecc_p256.c.obj (ex C:/Users/naman/TuyaOpenIDE/TuyaOpenSDK/platform/T5AI/t5_os/cp/components/bk_libs/bk7258/libs/libbluetooth_controller_controller_only_ble.a),C:/Users/naman/TuyaOpenIDE/TuyaOpenSDK/platform/T5AI/t5_os/cp/components/bk_libs/bk7258/libs/libbluetooth_controller_controller_only_ble.a
102,44,102,102,0,0,44,146,`92,kernel.c.obj (ex C:/Users/naman/TuyaOpenIDE/TuyaOpenSDK/platform/T5AI/t5_os/cp/components/bk_libs/bk7258/libs/libbluetooth_controller_controller_only_ble.a),C:/Users/naman/TuyaOpenIDE/TuyaOpenSDK/platform/T5AI/t5_os/cp/components/bk_libs/bk7258/libs/libbluetooth_controller_controller_only_ble.a
344,32,344,260,84,0,32,376,`178,kernel_event.c.obj (ex C:/Users/naman/TuyaOpenIDE/TuyaOpenSDK/platform/T5AI/t5_os/cp/components/bk_libs/bk7258/libs/libbluetooth_controller_controller_only_ble.a),C:/Users/naman/TuyaOpenIDE/TuyaOpenSDK/platform/T5AI/t5_os/cp/components/bk_libs/bk7258/libs/libbluetooth_controller_controller_only_ble.a
58,0,58,58,0,0,0,58,`3a,kernel_queue.c.obj (ex C:/Users/naman/TuyaOpenIDE/TuyaOpenSDK/platform/T5AI/t5_os/cp/components/bk_libs/bk7258/libs/libbluetooth_controller_controller_only_ble.a),C:/Users/naman/TuyaOpenIDE/TuyaOpenSDK/platform/T5AI/t5_os/cp/components/bk_libs/bk7258/libs/libbluetooth_controller_controller_only_ble.a
124173,45171,124113,110482,13631,60,45111,169284,`29544,C:/Users/naman/TuyaOpenIDE/TuyaOpenSDK/platform/T5AI/t5_os/cp/components/bk_libs/bk7258/libs/libbluetooth_controller_controller_only_ble.a,C:/Users/naman/TuyaOpenIDE/TuyaOpenSDK/platform/T5AI/t5_os/cp/components/bk_libs/bk7258/libs/libbluetooth_controller_controller_only_ble.a
352,24,352,352,0,0,24,376,`178,bk_phy_if.c.obj (ex C:/Users/naman/TuyaOpenIDE/TuyaOpenSDK/platform/T5AI/t5_os/cp/components/bk_libs/bk7258/libs/libbk_phy.a),C:/Users/naman/TuyaOpenIDE/TuyaOpenSDK/platform/T5AI/t5_os/cp/components/bk_libs/bk7258/libs/libbk_phy.a
72,1,72,72,0,0,1,73,`49,bk7011_cal.c.obj (ex C:/Users/naman/TuyaOpenIDE/TuyaOpenSDK/platform/T5AI/t5_os/cp/components/bk_libs/bk7258/libs/libbk_phy.a),C:/Users/naman/TuyaOpenIDE/TuyaOpenSDK/platform/T5AI/t5_os/cp/components/bk_libs/bk7258/libs/libbk_phy.a
26067,561,26036,21464,4572,31,530,26597,`67e5,bk7236_cal.c.obj (ex C:/Users/naman/TuyaOpenIDE/TuyaOpenSDK/platform/T5AI/t5_os/cp/components/bk_libs/bk7258/libs/libbk_phy.a),C:/Users/naman/TuyaOpenIDE/TuyaOpenSDK/platform/T5AI/t5_os/cp/components/bk_libs/bk7258/libs/libbk_phy.a
20971,462,20909,15518,5391,62,400,21371,`537b,manual_cal_bk7236.c.obj (ex C:/Users/naman/TuyaOpenIDE/TuyaOpenSDK/platform/T5AI/t5_os/cp/components/bk_libs/bk7258/libs/libbk_phy.a),C:/Users/naman/TuyaOpenIDE/TuyaOpenSDK/platform/T5AI/t5_os/cp/components/bk_libs/bk7258/libs/libbk_phy.a
168,0,168,168,0,0,0,168,`a8,rc_driver.c.obj (ex C:/Users/naman/TuyaOpenIDE/TuyaOpenSDK/platform/T5AI/t5_os/cp/components/bk_libs/bk7258/libs/libbk_phy.a),C:/Users/naman/TuyaOpenIDE/TuyaOpenSDK/platform/T5AI/t5_os/cp/components/bk_libs/bk7258/libs/libbk_phy.a
1294,0,1294,912,382,0,0,1294,`50e,la_driver.c.obj (ex C:/Users/naman/TuyaOpenIDE/TuyaOpenSDK/platform/T5AI/t5_os/cp/components/bk_libs/bk7258/libs/libbk_phy.a),C:/Users/naman/TuyaOpenIDE/TuyaOpenSDK/platform/T5AI/t5_os/cp/components/bk_libs/bk7258/libs/libbk_phy.a
372,1,372,346,26,0,1,373,`175,nv_parameters.c.obj (ex C:/Users/naman/TuyaOpenIDE/TuyaOpenSDK/platform/T5AI/t5_os/cp/components/bk_libs/bk7258/libs/libbk_phy.a),C:/Users/naman/TuyaOpenIDE/TuyaOpenSDK/platform/T5AI/t5_os/cp/components/bk_libs/bk7258/libs/libbk_phy.a
557,32,557,532,25,0,32,589,`24d,rf_cntrl.c.obj (ex C:/Users/naman/TuyaOpenIDE/TuyaOpenSDK/platform/T5AI/t5_os/cp/components/bk_libs/bk7258/libs/libbk_phy.a),C:/Users/naman/TuyaOpenIDE/TuyaOpenSDK/platform/T5AI/t5_os/cp/components/bk_libs/bk7258/libs/libbk_phy.a
1504,36,1496,1148,348,8,28,1532,`5fc,tx_evm.c.obj (ex C:/Users/naman/TuyaOpenIDE/TuyaOpenSDK/platform/T5AI/t5_os/cp/components/bk_libs/bk7258/libs/libbk_phy.a),C:/Users/naman/TuyaOpenIDE/TuyaOpenSDK/platform/T5AI/t5_os/cp/components/bk_libs/bk7258/libs/libbk_phy.a
7262,22,7252,4740,2512,10,12,7274,`1c6a,cmd_evm.c.obj (ex C:/Users/naman/TuyaOpenIDE/TuyaOpenSDK/platform/T5AI/t5_os/cp/components/bk_libs/bk7258/libs/libbk_phy.a),C:/Users/naman/TuyaOpenIDE/TuyaOpenSDK/platform/T5AI/t5_os/cp/components/bk_libs/bk7258/libs/libbk_phy.a
2526,32,2526,1840,686,0,32,2558,`9fe,cmd_rx_sensitivity.c.obj (ex C:/Users/naman/TuyaOpenIDE/TuyaOpenSDK/platform/T5AI/t5_os/cp/components/bk_libs/bk7258/libs/libbk_phy.a),C:/Users/naman/TuyaOpenIDE/TuyaOpenSDK/platform/T5AI/t5_os/cp/components/bk_libs/bk7258/libs/libbk_phy.a
902,0,902,902,0,0,0,902,`386,bk_cal_common.c.obj (ex C:/Users/naman/TuyaOpenIDE/TuyaOpenSDK/platform/T5AI/t5_os/cp/components/bk_libs/bk7258/libs/libbk_phy.a),C:/Users/naman/TuyaOpenIDE/TuyaOpenSDK/platform/T5AI/t5_os/cp/components/bk_libs/bk7258/libs/libbk_phy.a
1948,1,1948,1880,68,0,1,1949,`79d,mac_phy_bypass.c.obj (ex C:/Users/naman/TuyaOpenIDE/TuyaOpenSDK/platform/T5AI/t5_os/cp/components/bk_libs/bk7258/libs/libbk_phy.a),C:/Users/naman/TuyaOpenIDE/TuyaOpenSDK/platform/T5AI/t5_os/cp/components/bk_libs/bk7258/libs/libbk_phy.a
2104,68,2104,1784,320,0,68,2172,`87c,rx_sensitivity.c.obj (ex C:/Users/naman/TuyaOpenIDE/TuyaOpenSDK/platform/T5AI/t5_os/cp/components/bk_libs/bk7258/libs/libbk_phy.a),C:/Users/naman/TuyaOpenIDE/TuyaOpenSDK/platform/T5AI/t5_os/cp/components/bk_libs/bk7258/libs/libbk_phy.a
66099,1240,65988,51658,14330,111,1129,67228,`1069c,C:/Users/naman/TuyaOpenIDE/TuyaOpenSDK/platform/T5AI/t5_os/cp/components/bk_libs/bk7258/libs/libbk_phy.a,C:/Users/naman/TuyaOpenIDE/TuyaOpenSDK/platform/T5AI/t5_os/cp/components/bk_libs/bk7258/libs/libbk_phy.a
53,0,53,24,29,0,0,53,`35,bk_phy_info.c.obj (ex C:/Users/naman/TuyaOpenIDE/TuyaOpenSDK/platform/T5AI/t5_os/cp/components/bk_libs/bk7258/libs/libbk_phy_info.a),C:/Users/naman/TuyaOpenIDE/TuyaOpenSDK/platform/T5AI/t5_os/cp/components/bk_libs/bk7258/libs/libbk_phy_info.a
53,0,53,24,29,0,0,53,`35,C:/Users/naman/TuyaOpenIDE/TuyaOpenSDK/platform/T5AI/t5_os/cp/components/bk_libs/bk7258/libs/libbk_phy_info.a,C:/Users/naman/TuyaOpenIDE/TuyaOpenSDK/platform/T5AI/t5_os/cp/components/bk_libs/bk7258/libs/libbk_phy_info.a
192,4,192,192,0,0,4,196,`c4,uid.c.obj (ex C:/Users/naman/TuyaOpenIDE/TuyaOpenSDK/platform/T5AI/t5_os/cp/components/bk_libs/bk7258/libs/libuid.a),C:/Users/naman/TuyaOpenIDE/TuyaOpenSDK/platform/T5AI/t5_os/cp/components/bk_libs/bk7258/libs/libuid.a
2450,0,2450,2194,256,0,0,2450,`992,sha256.c.obj (ex C:/Users/naman/TuyaOpenIDE/TuyaOpenSDK/platform/T5AI/t5_os/cp/components/bk_libs/bk7258/libs/libuid.a),C:/Users/naman/TuyaOpenIDE/TuyaOpenSDK/platform/T5AI/t5_os/cp/components/bk_libs/bk7258/libs/libuid.a
2642,4,2642,2386,256,0,4,2646,`a56,C:/Users/naman/TuyaOpenIDE/TuyaOpenSDK/platform/T5AI/t5_os/cp/components/bk_libs/bk7258/libs/libuid.a,C:/Users/naman/TuyaOpenIDE/TuyaOpenSDK/platform/T5AI/t5_os/cp/components/bk_libs/bk7258/libs/libuid.a
256,0,256,256,0,0,0,256,`100,lib_a-s_ceil.o (ex c:/users/naman/tuyaopenide/tuyaopensdk/platform/tools/gcc-arm-none-eabi-10.3-2021.10/bin/../lib/gcc/arm-none-eabi/10.3.1/../../../../arm-none-eabi/lib/thumb/v8-m.main+fp/hard\libm.a),c:/users/naman/tuyaopenide/tuyaopensdk/platform/tools/gcc-arm-none-eabi-10.3-2021.10/bin/../lib/gcc/arm-none-eabi/10.3.1/../../../../arm-none-eabi/lib/thumb/v8-m.main+fp/hard\libm.a
256,0,256,256,0,0,0,256,`100,c:/users/naman/tuyaopenide/tuyaopensdk/platform/tools/gcc-arm-none-eabi-10.3-2021.10/bin/../lib/gcc/arm-none-eabi/10.3.1/../../../../arm-none-eabi/lib/thumb/v8-m.main+fp/hard\libm.a,c:/users/naman/tuyaopenide/tuyaopensdk/platform/tools/gcc-arm-none-eabi-10.3-2021.10/bin/../lib/gcc/arm-none-eabi/10.3.1/../../../../arm-none-eabi/lib/thumb/v8-m.main+fp/hard\libm.a
16,0,16,16,0,0,0,16,`10,close.o (ex c:/users/naman/tuyaopenide/tuyaopensdk/platform/tools/gcc-arm-none-eabi-10.3-2021.10/bin/../lib/gcc/arm-none-eabi/10.3.1/../../../../arm-none-eabi/lib/thumb/v8-m.main+fp/hard\libnosys.a),c:/users/naman/tuyaopenide/tuyaopensdk/platform/tools/gcc-arm-none-eabi-10.3-2021.10/bin/../lib/gcc/arm-none-eabi/10.3.1/../../../../arm-none-eabi/lib/thumb/v8-m.main+fp/hard\libnosys.a
16,0,16,16,0,0,0,16,`10,fstat.o (ex c:/users/naman/tuyaopenide/tuyaopensdk/platform/tools/gcc-arm-none-eabi-10.3-2021.10/bin/../lib/gcc/arm-none-eabi/10.3.1/../../../../arm-none-eabi/lib/thumb/v8-m.main+fp/hard\libnosys.a),c:/users/naman/tuyaopenide/tuyaopensdk/platform/tools/gcc-arm-none-eabi-10.3-2021.10/bin/../lib/gcc/arm-none-eabi/10.3.1/../../../../arm-none-eabi/lib/thumb/v8-m.main+fp/hard\libnosys.a
16,0,16,16,0,0,0,16,`10,isatty.o (ex c:/users/naman/tuyaopenide/tuyaopensdk/platform/tools/gcc-arm-none-eabi-10.3-2021.10/bin/../lib/gcc/arm-none-eabi/10.3.1/../../../../arm-none-eabi/lib/thumb/v8-m.main+fp/hard\libnosys.a),c:/users/naman/tuyaopenide/tuyaopensdk/platform/tools/gcc-arm-none-eabi-10.3-2021.10/bin/../lib/gcc/arm-none-eabi/10.3.1/../../../../arm-none-eabi/lib/thumb/v8-m.main+fp/hard\libnosys.a
16,0,16,16,0,0,0,16,`10,lseek.o (ex c:/users/naman/tuyaopenide/tuyaopensdk/platform/tools/gcc-arm-none-eabi-10.3-2021.10/bin/../lib/gcc/arm-none-eabi/10.3.1/../../../../arm-none-eabi/lib/thumb/v8-m.main+fp/hard\libnosys.a),c:/users/naman/tuyaopenide/tuyaopensdk/platform/tools/gcc-arm-none-eabi-10.3-2021.10/bin/../lib/gcc/arm-none-eabi/10.3.1/../../../../arm-none-eabi/lib/thumb/v8-m.main+fp/hard\libnosys.a
16,0,16,16,0,0,0,16,`10,read.o (ex c:/users/naman/tuyaopenide/tuyaopensdk/platform/tools/gcc-arm-none-eabi-10.3-2021.10/bin/../lib/gcc/arm-none-eabi/10.3.1/../../../../arm-none-eabi/lib/thumb/v8-m.main+fp/hard\libnosys.a),c:/users/naman/tuyaopenide/tuyaopensdk/platform/tools/gcc-arm-none-eabi-10.3-2021.10/bin/../lib/gcc/arm-none-eabi/10.3.1/../../../../arm-none-eabi/lib/thumb/v8-m.main+fp/hard\libnosys.a
16,0,16,16,0,0,0,16,`10,write.o (ex c:/users/naman/tuyaopenide/tuyaopensdk/platform/tools/gcc-arm-none-eabi-10.3-2021.10/bin/../lib/gcc/arm-none-eabi/10.3.1/../../../../arm-none-eabi/lib/thumb/v8-m.main+fp/hard\libnosys.a),c:/users/naman/tuyaopenide/tuyaopensdk/platform/tools/gcc-arm-none-eabi-10.3-2021.10/bin/../lib/gcc/arm-none-eabi/10.3.1/../../../../arm-none-eabi/lib/thumb/v8-m.main+fp/hard\libnosys.a
96,0,96,96,0,0,0,96,`60,c:/users/naman/tuyaopenide/tuyaopensdk/platform/tools/gcc-arm-none-eabi-10.3-2021.10/bin/../lib/gcc/arm-none-eabi/10.3.1/../../../../arm-none-eabi/lib/thumb/v8-m.main+fp/hard\libnosys.a,c:/users/naman/tuyaopenide/tuyaopensdk/platform/tools/gcc-arm-none-eabi-10.3-2021.10/bin/../lib/gcc/arm-none-eabi/10.3.1/../../../../arm-none-eabi/lib/thumb/v8-m.main+fp/hard\libnosys.a
